식재료, 카테고리
쌀, 곡류 및 전분류
현미, 곡류 및 전분류
백미, 곡류 및 전분류
잡곡, 곡류 및 전분류
오곡, 곡류 및 전분류
오곡밥, 곡류 및 전분류
쌀겨, 곡류 및 전분류
귀리, 곡류 및 전분류
밀가루, 곡류 및 전분류
메밀, 곡류 및 전분류
메밀묵, 곡류 및 전분류
보리, 곡류 및 전분류
율무, 곡류 및 전분류
수수, 곡류 및 전분류
강낭콩, 곡류 및 전분류
녹두, 곡류 및 전분류
옥수수, 곡류 및 전분류
좁쌀, 곡류 및 전분류
찹쌀, 곡류 및 전분류
쌀국수, 곡류 및 전분류
쌀밥, 곡류 및 전분류
오트밀, 곡류 및 전분류
쌀뜨물, 곡류 및 전분류
녹말, 곡류 및 전분류
누룽지, 곡류 및 전분류
공기밥, 곡류 및 전분류
튀밥, 곡류 및 전분류
전분, 곡류 및 전분류
미숫가루, 곡류 및 전분류
홍두깨, 곡류 및 전분류
밥, 곡류 및 전분류
타피오카, 곡류 및 전분류
당면, 곡류 및 전분류
도토리묵, 곡류 및 전분류
배추, 채소류
배추김치, 채소류
양배추, 채소류
대파, 채소류
쪽파, 채소류
실파, 채소류
파, 채소류
부추, 채소류
시금치, 채소류
상추, 채소류
어린잎채소, 채소류
깻잎, 채소류
참나물, 채소류
쑥갓, 채소류
취나물, 채소류
열무, 채소류
케일, 채소류
고사리, 채소류
머위, 채소류
미나리, 채소류
아욱, 채소류
돌나물, 채소류
냉이, 채소류
참취, 채소류
연근, 채소류
우엉, 채소류
도라지, 채소류
감자, 채소류
고구마, 채소류
당근, 채소류
브로콜리, 채소류
콜리플라워, 채소류
방울토마토, 채소류
토마토, 채소류
가지, 채소류
호박, 채소류
늙은호박, 채소류
버섯, 채소류
양송이버섯, 채소류
송이버섯, 채소류
팽이버섯, 채소류
표고버섯, 채소류
느타리버섯, 채소류
느타리, 채소류
새싹, 채소류
숙주, 채소류
죽순, 채소류
감태, 채소류
해초, 채소류
아욱, 채소류
콩나물, 채소류
청경채, 채소류
쪽파, 채소류
토란, 채소류
피망, 채소류
마늘, 채소류
달래, 채소류
파프리카, 채소류
백련, 채소류
야채, 채소류
서리, 채소류
실고추, 채소류
쑥, 채소류
무, 채소류
양파, 채소류
나물, 채소류
샐러드, 채소류
백합, 채소류
비트, 채소류
민들레, 채소류
쪽, 채소류
뽕잎, 채소류
두릅, 채소류
골파, 채소류
오이, 채소류
참마, 채소류
셀러리, 채소류
꽈리고추, 채소류
콩, 콩 및 두류
검은콩, 콩 및 두류
콩기름, 콩 및 두류
두부, 콩 및 두류
순두부, 콩 및 두류
콩가루, 콩 및 두류
콩고기, 콩 및 두류
두유, 콩 및 두류
청국장, 콩 및 두류
낫토, 콩 및 두류
된장, 콩 및 두류
두반장, 콩 및 두류
청국장, 콩 및 두류
앙금, 콩 및 두류
묵, 콩 및 두류
팥소, 콩 및 두류
팥, 콩 및 두류
유부, 콩 및 두류
대두, 콩 및 두류
사과, 과일류
배, 과일류
포도, 과일류
청포도, 과일류
블루베리, 과일류
체리, 과일류
망고, 과일류
파인애플, 과일류
감귤, 과일류
귤, 과일류
레몬, 과일류
레몬그라스, 과일류
라임, 과일류
천도복숭아, 과일류
복숭아, 과일류
유자, 과일류
자두, 과일류
석류, 과일류
단감, 과일류
홍시, 과일류
곶감, 과일류
바나나, 과일류
키위, 과일류
리치, 과일류
무화과, 과일류
잣, 과일류
땅콩, 과일류
호두, 과일류
아몬드, 과일류
견과, 과일류
멜론, 과일류
아보카도, 과일류
메실, 과일류
오미자, 과일류
카카오, 과일류
코코넛, 과일류
참외, 과일류
수박, 과일류
자청, 과일류
밤, 과일류
오렌지, 과일류
구기자, 과일류
대추, 과일류
산딸기, 과일류
과일, 과일류
딸기, 과일류
올리브, 과일류
참깨, 견과 및 씨앗류
들깨, 견과 및 씨앗류
깨, 견과 및 씨앗류
통깨, 견과 및 씨앗류
참기름, 견과 및 씨앗류
들기름, 견과 및 씨앗류
깨소금, 견과 및 씨앗류
잣, 견과 및 씨앗류
호두, 견과 및 씨앗류
아몬드, 견과 및 씨앗류
땅콩, 견과 및 씨앗류
도토리, 견과 및 씨앗류
은행, 견과 및 씨앗류
소고기, 육류
돼지고기, 육류
삼겹살, 육류
대패삼겹살, 육류
차돌박이, 육류
목살, 육류
부챗살, 육류
쇠고기, 육류
돈육, 육류
돈가스, 육류
돼지갈비, 육류
닭고기, 육류
닭다리, 육류
닭날개, 육류
닭살, 육류
오리고기, 육류
양고기, 육류
스테이크, 육류
목심, 육류
갈비, 육류
안심, 육류
부채살, 육류
간, 육류
돼지, 육류
치킨, 육류
사태, 육류
양지, 육류
닭, 육류
고기, 육류
등심, 육류
스팸, 가공육 및 육가공품
소시지, 가공육 및 육가공품
베이컨, 가공육 및 육가공품
페페로니, 가공육 및 육가공품
패티, 가공육 및 육가공품
햄, 가공육 및 육가공품
불고기, 가공육 및 육가공품
바비큐, 가공육 및 육가공품
떡갈비, 가공육 및 육가공품
살라미, 가공육 및 육가공품
사골, 가공육 및 육가공품
계란, 가금류 및 알류
달걀, 가금류 및 알류
메추리알, 가금류 및 알류
노른자, 가금류 및 알류
완숙, 가금류 및 알류
지단, 가금류 및 알류
굴, 해산물 및 어패류
조개, 해산물 및 어패류
키조개, 해산물 및 어패류
홍합, 해산물 및 어패류
대하, 해산물 및 어패류
새우, 해산물 및 어패류
보리새우, 해산물 및 어패류
오징어, 해산물 및 어패류
갑오징어, 해산물 및 어패류
문어, 해산물 및 어패류
낙지, 해산물 및 어패류
주꾸미, 해산물 및 어패류
어묵, 해산물 및 어패류
골뱅이, 해산물 및 어패류
미더덕, 해산물 및 어패류
멍게, 해산물 및 어패류
연어, 해산물 및 어패류
명태, 해산물 및 어패류
갈치, 해산물 및 어패류
고등어, 해산물 및 어패류
꽁치, 해산물 및 어패류
삼치, 해산물 및 어패류
병어, 해산물 및 어패류
광어, 해산물 및 어패류
조기, 해산물 및 어패류
도미, 해산물 및 어패류
아귀, 해산물 및 어패류
밴댕이, 해산물 및 어패류
황태, 해산물 및 어패류
황도, 해산물 및 어패류
북어, 해산물 및 어패류
과메기, 해산물 및 어패류
명란젓, 해산물 및 어패류
젓갈, 해산물 및 어패류
새우젓, 해산물 및 어패류
까나리, 해산물 및 어패류
게맛살, 해산물 및 어패류
꽃게, 해산물 및 어패류
게살, 해산물 및 어패류
소라, 해산물 및 어패류
민어, 해산물 및 어패류
미역, 해산물 및 어패류
참치, 해산물 및 어패류
골뱅이, 해산물 및 어패류
꼬막, 해산물 및 어패류
명태, 해산물 및 어패류
갈치, 해산물 및 어패류
다슬기, 해산물 및 어패류
먹물, 해산물 및 어패류
동태, 해산물 및 어패류
우렁이, 해산물 및 어패류
우렁, 해산물 및 어패류
가자미, 해산물 및 어패류
바지락, 해산물 및 어패류
대구, 해산물 및 어패류
생선, 해산물 및 어패류
전지, 해산물 및 어패류
전복, 해산물 및 어패류
멸치, 해산물 및 어패류
날치, 해산물 및 어패류
우유, 유제품 및 치즈류
치즈, 유제품 및 치즈류
플레인요거트, 유제품 및 치즈류
요플레, 유제품 및 치즈류
요구르트, 유제품 및 치즈류
크림, 유제품 및 치즈류
버터, 유제품 및 치즈류
탈지분유, 유제품 및 치즈류
분유, 유제품 및 치즈류
연유, 유제품 및 치즈류
아이스크림, 유제품 및 치즈류
빵, 빵 및 밀가루 가공품
바게트, 빵 및 밀가루 가공품
크래커, 빵 및 밀가루 가공품
비스킷, 빵 및 밀가루 가공품
베이킹파우더, 빵 및 밀가루 가공품
식빵, 빵 및 밀가루 가공품
카스텔라, 빵 및 밀가루 가공품
떡, 빵 및 밀가루 가공품
절편, 빵 및 밀가루 가공품
증편, 빵 및 밀가루 가공품
가래떡, 빵 및 밀가루 가공품
떡볶이떡, 빵 및 밀가루 가공품
누룽지, 빵 및 밀가루 가공품
빵가루, 빵 및 밀가루 가공품
크루통, 빵 및 밀가루 가공품
국수, 면류
우동면, 면류
라면, 면류
파스타면, 면류
스파게티면, 면류
라비올리, 면류
쌀국수, 면류
소면, 면류
조미료, 조미료 및 양념류
소금, 조미료 및 양념류
천일염, 조미료 및 양념류
소금물, 조미료 및 양념류
후추, 조미료 및 양념류
고추, 조미료 및 양념류
청양고추, 조미료 및 양념류
고춧가루, 조미료 및 양념류
고추장, 조미료 및 양념류
쌈장, 조미료 및 양념류
초고추장, 조미료 및 양념류
된장, 조미료 및 양념류
간장, 조미료 및 양념류
해선장, 조미료 및 양념류
굴소스, 조미료 및 양념류
케첩, 조미료 및 양념류
머스터드, 조미료 및 양념류
마요네즈, 조미료 및 양념류
드레싱, 조미료 및 양념류
식용유, 조미료 및 양념류
참기름, 조미료 및 양념류
들기름, 조미료 및 양념류
올리브오일, 조미료 및 양념류
오일, 조미료 및 양념류
카레가루, 조미료 및 양념류
허브, 조미료 및 양념류
로즈마리, 조미료 및 양념류
로즈메리, 조미료 및 양념류
강황, 조미료 및 양념류
정종, 조미료 및 양념류
청주, 조미료 및 양념류
막걸리, 조미료 및 양념류
포도주, 조미료 및 양념류
적포도주, 조미료 및 양념류
식초, 조미료 및 양념류
식혜, 조미료 및 양념류
장아찌, 조미료 및 양념류
고추기름, 조미료 및 양념류
스리라차, 조미료 및 양념류
카레, 조미료 및 양념류
설탕, 당류 및 감미료
물엿, 당류 및 감미료
엿기름, 당류 및 감미료
조청, 당류 및 감미료
타가토스, 당류 및 감미료
캐러멜, 당류 및 감미료
초콜릿, 당류 및 감미료
코코아, 당류 및 감미료
시럽, 당류 및 감미료
물, 음료 및 차류
탄산수, 음료 및 차류
생수, 음료 및 차류
사이다, 음료 및 차류
주스, 음료 및 차류
커피, 음료 및 차류
맥주, 음료 및 차류
와인, 음료 및 차류
포도주, 음료 및 차류
홍차, 음료 및 차류
녹차, 음료 및 차류
차, 음료 및 차류
오미자차, 음료 및 차류
구기자차, 음료 및 차류
티백, 음료 및 차류
소주, 음료 및 차류
김치, 김치 및 발효식품
백김치, 김치 및 발효식품
열무김치, 김치 및 발효식품
깍두기, 김치 및 발효식품
동치미, 김치 및 발효식품
냉국, 냉동 및 가공식품
보쌈, 냉동 및 가공식품
뼈, 냉동 및 가공식품
순무, 냉동 및 가공식품
장어, 냉동 및 가공식품
족발, 냉동 및 가공식품
보리새우, 냉동 및 가공식품
식빵, 냉동 및 가공식품
필레, 냉동 및 가공식품
건포도, 냉동 및 가공식품
수삼, 약재 및 뿌리채소류
더덕, 약재 및 뿌리채소류
레몬그라스, 허브 및 향신료
플라워, 허브 및 향신료
민트, 허브 및 향신료
파슬리, 허브 및 향신료
겨자, 허브 및 향신료
고수, 허브 및 향신료
바닐라, 허브 및 향신료
계피, 허브 및 향신료
생강, 허브 및 향신료
월계수, 허브 및 향신료
고추냉이, 허브 및 향신료
김, 해조류
파래, 해조류
다시마, 해조류
가쓰오부시, 가공식품
스프, 가공식품
통조림, 가공식품
버거, 가공식품
튀김, 가공식품
맛살, 가공식품
피클, 가공식품
양조, 주류
미림, 주류
레시틴, 기타
한천, 기타
얼음, 기타
젤라틴, 기타
인삼, 기타
진달래꽃, 기타
누룩, 기타
이스트, 기타
꼬치, 기타