레시피명,전처리된 식재료
새우 두부 계란찜,새우 시금치 설탕 버터 달걀 두부
부추 콩가루 찜,쪽 대파 콩가루 참기름 마늘 부추 고춧가루 간장 참깨
방울토마토 소박이,쪽 고춧가루 통깨 양파 설탕 방울토마토 물 마늘 부추
순두부 사과 소스 오이무침,순두부 사과 오이 땅콩
사과 새우 북엇국,새우 양파 물 사과 표고버섯
저염 된장으로 맛을 낸 황태해장국,물 황태 콩나물 마늘 청양고추
된장국,양파 물 감자 된장 대파 두부
표고버섯 청경채국,양파 물 표고버섯 청경채 마늘 멸치 간장
치커리샐러드와 올리브 마늘 소스,쪽 식초 샐러드 양파 설탕 당근 드레싱 마늘 올리브
스트로베리 샐러드,식초 소금 샐러드 메추리알 딸기 블루베리 플레인요거트
시금치 우유 소스와 그린매쉬드포테이토,우유 시금치 설탕 감자 아몬드
버섯구이와 두부타르타르 소스,식초 두부 양파 후추 버섯 머스터드 오이 피클
구운채소와 간장레몬 소스,식초 피망 가지 양파 설탕 레몬 파프리카 호박 간장
브로콜리 컬리플라워 샐러드와 두유 요거트 소스,호두 샐러드 소금 양파 설탕 브로콜리 두유 플라워 송이버섯 강낭콩 플레인요거트
오렌지와 당근 만남주스,당근 오렌지
칠곡석류국수,호두 식초 소면 잣 오이 아몬드 석류
블랙빈 곤약국수,호두 토마토 오이 달걀
닭가슴살 브로콜리 만두,소금 브로콜리 표고버섯 닭 참기름 숙주 간장
함초 냉이 국수,냉이 실고추 다시마 양파 파 소면 버섯 고추 달걀 간장
된장 두부찌개,돼지고기 김치 쌀뜨물 고추 된장 대파 두부 청양고추 고춧가루
부대된장찌개,떡 다시마 양파 김치 스팸 베이컨 고추 소시지 마늘 대파 두부 청양고추
양배추감자전,오렌지 식초 두부 돼지고기 당근 감자 달걀 식용유 양배추 청양고추 간장
돌나물 샐러드,돌나물 샐러드 마요네즈 레몬 참기름 고추 청양고추
석류 보쌈김치,쪽파 소금 배추 생강 마늘 석류 미나리
유자 대구조림,식초 파프리카 밀가루 대파 대구 미나리
파프리카 물김치,쪽파 소금 배추 고구마 물엿 배 사과 부추 파프리카
고추장 라따뚜이,살라미 가지 양파 설탕 토마토 사과 마늘 고추장
민들레 샐러드,오렌지 설탕 고추 드레싱 비트 민들레 간장
토마토 가지 카프레제,식초 가지 토마토 드레싱 마늘
우렁된장소스 배추롤,우렁이 돼지고기 양파 당근 표고버섯 쌀 된장 부추
인삼떡갈비,소고기 소금 양파 설탕 양송이버섯 배 돼지고기 인삼 대추 파프리카 마늘 두부 간장
초계탕과 사색곤약,식초 소금 다시마 새우 설탕 양파 오이 겨자 닭고기 마늘 비트 대파
호박잎 삼계탕,찹쌀 소금 인삼 닭고기 미나리 대추
황태미역 곤약스프,표고버섯 참기름 들깨 된장 마늘 두부 황태
훈제오리가슴살 샐러드,양파 파슬리 블루베리
훈제오리가슴살크러스트,오렌지 땅콩 파슬리
간장소스를 곁들인 새우전복찜,녹말 간장 소금 새우 시금치 설탕 레몬 마늘 전복 해초
검은콩국수,방울토마토 콩 메밀 잣 오이 땅콩 참깨
겨자소스로 구운 산마샐러드,식초 설탕 토마토 참나물 겨자 간장
닭고기김치찌개,다시마 양파 김치 물 청주 닭 참기름 고추 달걀 마늘 대파 멸치 두부 청양고추 미나리 느타리버섯
완자김치찌개,돼지고기 김치 등심 콩나물 고추 마늘 새우젓 대파 두부 쇠고기
백김치콩비지찌개,백김치 참기름 마늘 간장
오징어김치찌개,다시마 오징어 팽이버섯 김치 고구마 물 콩나물 고추 참기름 대파 쑥갓 두부 멸치
해물김치찌개,다시마 양파 팽이버섯 김치 물 참기름 마늘 대파 두부 주꾸미 멸치
맑은부대찌개,떡 고추 쇠고기 다시마 파 콩나물 두부 미나리 소금 양파 대파 느타리버섯 배추 돼지고기 마늘 당면
나가사키부대찌개,표고버섯 고추 우유 다시마 팽이버섯 파 사골 햄 두부 밀가루 소금 통조림 양파 감자 청양고추 느타리버섯 돼지고기 깻잎 마늘 쑥갓
삼계부대찌개,떡 당근 표고버섯 닭 고추 팽이버섯 콩가루 겨자 고춧가루 대파 쌀겨 김치 마늘 숙주 쑥갓 당면 대추
쑥갓부대찌개,고추장 다시마 통조림 팽이버섯 김치 물 설탕 마늘 햄 쑥갓 두부 청양고추 고춧가루
들깨순두부찌개,순두부 간장 소금 양파 굴 표고버섯 고추 마늘 대파 멸치 미나리 느타리버섯
백태순두부찌개,순두부 다시마 새우 양파 물 콩 표고버섯 바지락 고추 대파 멸치 느타리버섯
버섯순두부찌개,표고버섯 부추 순두부 다시마 물 미나리 간장 양파 감자 대파 청양고추 마늘
토란순두부찌개,순두부 백합 표고버섯 고추 토란 청양고추
토마토스프파스타,파스타면 소금 야채 양파 치즈 먹물 토마토 가지 파프리카 마늘 파슬리
다이어트국수,통깨 양파 당근 오이 달걀 탄산수
오징어구이,양파 오징어 설탕 토마토 후추 파프리카 고추 참기름 마늘 현미 고추장 고춧가루
배숙구이,배 방울토마토 생강 탄산수
웰빙스테이크,양파 시금치 레몬 등심 사과 감자 버터 마늘 파슬리 쇠고기
오징어콩순대,카레 피망 양파 옥수수 당근 오징어 후추 파프리카 참기름 강낭콩 마늘 대파 밀가루
토마토소고기장조림,소고기 양파 후추 방울토마토 설탕 고추 마늘 꽈리고추 메추리알 간장
토마토소고기찜,소고기 양파 후추 당근 토마토 레몬 버터 파슬리
맛간장삼치구이,커피 통깨 삼치 생강 버터 대파 간장
삼겹살꼬치구이,로즈마리 후추 방울토마토 식용유 고추 마늘 꽈리고추 대파 고춧가루 삼겹살
새우아욱죽,새우 아욱 된장
까르보나라뇨끼,우유 양파 치즈 후추 베이컨 설탕 깻잎 버터 마늘 대파
호박죽,소금 양파 브로콜리 후추 치즈 버섯 마늘 현미
라이스버거떡갈비,전분 고추 밥 팽이버섯 미나리 간장 쪽파 양파 토마토 달걀 돼지고기 후추 떡갈비
고추김치,연근 물 생강 오이 고추 부추 고춧가루
누룽닭,느타리 새우 소금 양파 시금치 당근 식용유 닭 튀김 파프리카 누룽지 청경채 마늘 정종 주꾸미 간장
광어스테이크,호두 소금 달걀 광어 밀가루 플레인요거트 아몬드
치즈감자크로켓,소금 양파 치즈 당근 식용유 튀김 오이 감자 달걀 빵가루 밀가루
코코넛밀크카레,카레 소금 돼지고기 양파 당근 물 감자 버터 두부 우유 코코넛
소고기리조또롤,강황 소고기 소금 양파 파프리카 버터 쌀 된장 마늘
둥지튀김,식초 소금 설탕 물 레몬 식용유 튀김 생강 뽕잎 닭고기 달걀 마늘 국수 연유
새우와스테이크,소금 소고기 새우 양파 설탕 당근 와인 토마토 로즈마리 버터 마늘 대파
함초삼겹,소금 쌈장 양파 설탕 당근 버터 부추 삼겹살
햄버거스테이크,식초 소고기 돼지고기 로즈마리 양파 설탕 파프리카 마늘 빵가루 플레인요거트
유자삼치구이,녹말 소금 레몬 삼치 생강 식용유
냉토마토파스타,소금 양파 설탕 당근 토마토 방울토마토 마늘 월계수
닭고기또띠아,우유 식초 양파 사과 머스터드 오이 파프리카 닭고기 느타리버섯 아몬드
닭고기스테이크,우유 소금 토마토 생강 오이 닭고기 정종 두부
오징어순대,소금 양파 당근 레몬 생강 마늘 정종 대파 두부 부추
연어차우더스프,피망 양파 당근 감자 버터 연어 밀가루 월계수
시금치브로컬리 파스타,소금 새우 브로콜리 시금치 스파게티면 대하
야채찜을 곁들인 광어스테이크,가지 당근 청주 레몬 파프리카 콜리플라워 간장 광어
연근부각,식초 연근 계피 천일염 식용유
오이냉국을 곁들인 오색쌈밥,소금 돼지고기 양파 도라지 오이 안심 고추 참기름 쌀 달걀 쌀 고추장 미나리 고춧가루
카레탄두리치킨과 닭가슴살냉채,카레 양파 당근 오곡 인삼 머스터드 오이 파프리카 닭고기 대추
컬리플라워소스 광어스테이크,우유 소금 가지 양파 시금치 당근 콜리플라워 감자 광어
콜라비오미자 물김치,쪽파 오미자 피망 양파 새우 다시마 소금 파프리카 무화과
크림소스치킨롤,소금 새우 치즈 버터 닭고기 마늘 대하
표고버섯 감자찜,녹말 양파 당근 표고버섯 감자 고추 고수
해물애호박 전병말이,식초 소금 새우 오징어 대추 설탕 깻잎 밀가루 간장
찬밥이용닭죽,닭다리 소금 양파 당근 물 감자 부추
감자느타리버섯국,다시마 소금 파 물 감자 고추 마늘 두부 멸치 느타리버섯
민어매운탕,고춧가루 간 민어 소금 양파 후추 물 양지 참기름 고추 마늘 대파 쑥갓 쇠고기 간장
아몬드치킨볼,닭다리 양파 브로콜리 닭 버터 마늘 아몬드
양배추롤,간장 다시마 부채살 새우 참기름 고추 양배추 현미 달래 쇠고기
생선베이컨말이,동태 피망 시금치 베이컨 파프리카 버터 새싹
콩고기샐러드,아보카도 식초 로즈마리 가지 바나나 설탕 콩고기 방울토마토 연근 물 오일 허브 드레싱 간장
퀴노아닭가슴살샐러드,요구르트 피망 가지 치즈 양파 토마토 어린잎채소 닭 감자 수박 플레인요거트
바나나크림파스타,아보카도 우유 소금 바나나 양파 베이컨 토마토 치즈 스파게티면 마늘
산채쌀파스타,취나물 파스타면 양파 들기름 오이 고추 된장 청국장 쌀 참나물 깻잎 겨자 마늘 두부
황태포당면국수,당근 팽이버섯 간장 소금 양파 감자 달걀 대파 청양고추 마늘 쑥갓 멸치 당면 황태
닭갈비볶음면,쪽파 카레 양파 라면 방울토마토 닭 파프리카 깻잎 참기름 마늘 대파 고추장 고춧가루
오색볶음면,쪽파 두반장 돼지고기 가지 양파 라면 고추기름 설탕 파프리카 청경채 마늘 스프
로제소스라면,홍합 우유 새우 조개 양파 치즈 토마토 월계수 파슬리
라면월남쌈튀김,배 빵가루 쇠고기 파 물 매실 파프리카 쌀 간장 양파 어린잎채소 파인애플 달걀 마늘
삼겹살라면,쪽파 간장 돼지고기 생강 대파 삼겹살
유자샐러드라면,식초 파프리카 유자 드레싱 케일
주꾸미머리순대,양파 당근 계란 생강 마늘 고추장 미나리 주꾸미
매실동치미,소금 배 연근 매실 사과 생강 청양고추
조기까스,조기 양파 후추 전분 오일 버터 마늘 고추장 간장
돼지머리수육맑은전골,미나리 대파 청주 고추 돼지 된장 마늘 청양고추 간장
파인애플볶음밥,소금 새우 통조림 양파 후추 식용유 레몬 계란 파프리카 밥 파인애플 고추 마늘 간장
연근초무침,강황 식초 양파 설탕 연근 잣 밤 오이
코다리맑은찜,소금 후추 청주 생강 콩나물 마늘 겨자 미나리
뿌리채소두부선,식초 전분 마요네즈 계란 고추 된장 우엉 식용유 인삼 두부 땅콩 참깨 들기름 감자 후추 마늘
사과장아찌,식초 양파 설탕 청주 매실 생강 고추 간장
해물들깨탕,새우 양파 청주 계란 고추 들깨 마늘 대파 전복 주꾸미 간장
참외깍두기,통깨 양파 참외 생강 고추 마늘 대파 미나리 고춧가루 간장
새콤한연어샐러드,소금 양파 토마토 파프리카 연어 정종
논우렁순무섞박지,요구르트 양파 생강 고추 마늘 대파 미나리 고춧가루 간장 플레인요거트
코다리맑은탕,양파 후추 참기름 감자 마늘 청양고추 미나리 간장
세가지샐러드,식초 바나나 설탕 토마토 잣 파프리카 닭고기
애호박들깨볶음,소금 새우 양파 들기름 고추 들깨 마늘 대파
고구마바나나샐러드,연유 잣 바나나 고구마
누룽지새우튀김,오렌지 식초 소금 새우 설탕 식용유 튀김 누룽지 달걀 주스
백김치주꾸미샐러드,식초 샐러드 백김치 양파 파 설탕 레몬 고추 드레싱 마늘 주꾸미 간장
닭고기월남쌈,식초 소금 로즈마리 양파 설탕 당근 오이 파프리카 닭고기 식용유 쌀 마늘 고춧가루
양배추롤,양파 설탕 당근 머스터드 천일염 파프리카 깻잎 닭고기 식용유 정종 양배추 부추
단호박소고기롤,식초 소금 소고기 양파 팽이버섯 설탕 사과 파프리카 오이 마늘 밀가루 간장
생선카레튀김,생선 카레 식초 요구르트 마요네즈 설탕 콩가루 생강 튀김 깻잎 달걀 정종 밀가루
삼겹가지볶음,통깨 가지 양파 설탕 잣 생강 참기름 깻잎 마늘 식용유 정종 대파 고춧가루 간장 느타리버섯 삼겹살
주꾸미샐러드,식초 소금 피망 설탕 배 고추 마늘 밀가루 주꾸미 미나리
닭가슴살현미스테이크,카레 현미 식용유 닭 튀김 쌀 정종 양배추
삼겹선,식초 소금 양파 파 설탕 당근 레몬 표고버섯 파프리카 깻잎 쌀 정종 고춧가루 삼겹살
미니버섯탕수,녹말 계란 소금 설탕 당근 물 식용유 버섯 튀김 오이 파프리카 달걀 간장
연어오븐구이,소금 피망 양파 당근 토마토 레몬 파프리카 버터 연어 마늘 크림
옥음밥,양파 옥수수 당근 옥수수 쌀 마늘 식용유 쌀 간장
와사비 연어초밥,식초 소금 설탕 당근 표고버섯 쌀 연어 겨자 새싹 파슬리
원소병,녹말 오미자 잣 대추
음메꼬꼬돌돌,식초 소고기 소금 설탕 고추 닭고기 달걀 미나리 간장
전복리조또,우유 소금 양파 당근 버터 쌀 전복
참깨흑임 자연두부샐러드,우유 식초 설탕 마요네즈 파프리카 날치 참깨
초계탕,식초 소금 양파 설탕 대파 파프리카 오이 닭고기 마늘 겨자
콩나물부추볶음,소금 양파 파 당근 콩나물 감자 식용유 부추
콩비지포카치아 샌드위치,장아찌 치즈 토마토 빵
파프리카더덕소고기깻잎롤,식초 소고기 소금 양파 레몬 파프리카 깻잎 파인애플 더덕
해물아란치니,소금 새우 오징어 양파 토마토 레몬 밥 마늘 달걀 빵가루
호박잎삼계,찹쌀 소금 인삼 닭고기 미나리 대추
노른자크림 육회샐러드,아보카도 소고기 소금 설탕 두릅 배 레몬 참기름 마늘 달걀 홍두깨
닭고기 완자삼계죽,찹쌀 간장 양파 인삼 닭고기 마늘 대파 대추
대하마늘볶음밥,생강 고추 식용유 파 간장 양파 쌀 대하 깻잎 마늘 숙주 대추
두부 카프리제,소고기 소금 돼지고기 설탕 연근 표고버섯 두유 깻잎 마늘 간장
미역볶음밥,강황 양파 당근 쌀 닭고기 수삼 대추
청국장볶음밥,다시마 양파 고구마 시금치 당근 들기름 연근 감자 참나물 쌀 깻잎 마늘 우엉 현미 미나리
해물볶음밥,문어 새우 쌀 달걀 우엉 고추장 미나리 주꾸미
토마토카레 채소볶음밥,카레 요구르트 피망 양파 브로콜리 당근 방울토마토 토마토 닭 파프리카 밥 감자 플레인요거트
구운주먹밥,식초 설탕 참기름 밥 달걀 현미 참깨
깐풍주먹밥,찹쌀 식초 새우 설탕 참기름 파인애플 고추 마늘 밀가루 부추 쇠고기
닭봉주먹밥,우유 가지 치즈 마요네즈 당근 양파 참기름 밥 호박 새싹 간장 참깨
봄주먹밥,당근 밥 고추 된장 두릅 물 참기름 낙지 두부 미나리 고춧가루 참깨 양파 청양고추 깻잎 마늘 꼬막
깻잎장아찌롤,양파 장아찌 마요네즈 설탕 물 머스터드 참기름 밥 허브 깻잎 드레싱 새싹 피클 김 참깨
참치비빔밥롤,식초 로즈마리 가지 당근 토마토 사과 고추 참치 호박 드레싱 달걀 김 케일
새싹참치김밥,간장 마요네즈 설탕 파프리카 파인애플 밥 참치 달걀 새싹 김
연어주먹밥튀김,식초 간장 통조림 양파 피망 마요네즈 당근 어린잎채소 밥 연어 빵가루 달걀 마늘 참깨
오징어불고기김밥,피망 오징어 당근 매실 파프리카 밥 참기름 깻잎 달걀 김 고추장 쇠고기
닭가슴살청포묵비빔밥,소금 닭 참기름 된장 쌀 닭고기 달걀 마늘 숙주 지단 양배추 간장
족발수육,맥주 백김치 가지 고구마 참기름 족발
함초떡갈비,통깨 소금 소고기 돼지고기 양파 당근 식초 설탕 후추 참기름 마늘 대파
삼색소면,쪽파 소금 소면 청주 고추 마늘
돼지수육맑은전골,식초 배추 팽이버섯 당근 물 겨자 된장 청경채 마늘 대파 숙주 청양고추
채소비빔밥,양파 파 후추 당근 물 바지락 참기름 오이 깻잎 마늘 두부 쇠고기 표고버섯
열무김치파스타,파스타면 통깨 열무김치 양파 당근 들기름 오이 고추 파프리카 청양고추
해초갈비찜,당근 생강 고추 메추리알 미역 참기름 간장 갈비 양파 감자 대파 후추 마늘 대추
버섯곤드레밥,참기름 고추 쌀 된장 마늘 대파 두부 느타리버섯
바다향이 풍부한 전복죽,찹쌀 미역 후추 당근 청주 참기름 전복
주꾸미연포탕,양파 후추 고추 마늘 대파 청양고추 주꾸미 미나리
함초소고기말이,식초 소금 양파 식용유 버섯 파프리카 고추 허브 마늘 겨자 간장
묵계밥,소금 양파 후추 버섯 닭 계란 콩나물 마늘 대파 묵 간장 도토리묵
근채류주먹밥,통깨 양파 당근 식용유 연근 오이 감자 고추 쌀 참기름 우엉 마늘 간장
단호박약식,찹쌀 계피 밤 참기름 블루베리 간장 대추
달콤스테이크,소금 양파 시금치 후추 당근 설탕 감자 버터 망고 딸기
삼색샌드위치,소금 양파 치즈 당근 토마토 오이 감자 식빵 달걀
황태탕수육,식초 설탕 당근 튀김 물 식용유 파프리카 오이 밀가루 간장 녹말 양파 파인애플 달걀 황태
밥핫도그,계란 소금 식용유 튀김 파프리카 밥 감자 소시지 달걀 빵가루 밀가루
스테이크카나페,로즈마리 소금 양파 가지 설탕 사과 등심 파프리카 마늘
꽃밥,통깨 소금 돼지고기 양파 고구마 설탕 당근 시금치 토마토 참기름 달걀 마늘 쌀 대파 두부 간장
버섯만두찜,우유 두부 소금 새우 양파 시금치 물 표고버섯 호박 마늘 식용유 밀가루
떡갈비주먹밥,떡 돼지고기 양파 시금치 떡볶이떡 당근 밥 마늘 식용유 대파 간장
홍합죽,홍합 다시마 새우 양파 당근 표고버섯 참기름 쌀
샐러드돈가스,우유 소금 마요네즈 방울토마토 식용유 등심 어린잎채소 튀김 돼지 달걀 빵가루 정종 밀가루 파슬리 피클
조개크림파스타,우유 소금 새우 양파 조개 스파게티면 양송이버섯 물 버터 마늘 밀가루 파슬리
닭날개튀김,오렌지 카레 양파 마요네즈 레몬 식용유 튀김 땅콩
해산물리조또,우유 소금 새우 오징어 양파 시금치 당근 치즈 조개 다시마 버터 마늘 대파 파슬리
떡완자조림,떡 돼지고기 양파 떡볶이떡 당근 참기름 마늘 식용유 대파 쇠고기 간장
닭고기채소스파게티,양파 케첩 스파게티면 양송이버섯 당근 표고버섯 토마토 파프리카 닭고기 마늘
계만두,우유 간장 배추 피망 당근 표고버섯 닭 오이 참기름 마늘 대파 메추리알 청양고추 참깨
삼계선,설탕 닭 파프리카 수삼 두부 대추
쇠고기표고찜,오렌지 두부 양파 표고버섯 잣 파프리카 밀가루 달걀 마늘 대파 주스 피클 쇠고기 대추
떡갈비찜,간장 고기 돼지고기 양파 가지 파 소금 연근 참기름 마늘 가래떡 쇠고기
해산물두부샌드,두부 새우 두유 파프리카 드레싱 새싹
단호박제육볶음,표고버섯 된장 물 참기름 고춧가루 간장 참깨 양파 불고기 대파 돼지고기 죽순 마늘 고추장
버섯콩불고기,설탕 당근 배 표고버섯 생강 양배추 부추 파 참기름 미나리 양파 콩고기 들기름 청양고추 느타리버섯 깻잎 마늘
차돌박이볶음,식초 고기 차돌박이 양파 마요네즈 설탕 배 해초 매실 파프리카 겨자 부추 간장
토마토오리볶음,고기 양파 가지 브로콜리 물엿 방울토마토 토마토 파프리카 마늘 식용유 고추장 부추 오리고기
토마토두루치기,설탕 표고버섯 생강 식용유 양배추 파프리카 간장 소금 양파 토마토 대파 피망 돼지고기 물엿 마늘 비트 고추장
검은콩피시볼조림,쪽파 계란 동태 물 달걀 생선 대파 마늘 밀가루 청양고추 간장
대하조림,아보카도 닭다리 시금치 물 토마토 닭 월계수 대하
묵은지가지말이,고기 피망 양파 돼지고기 가지 김치 물 레몬 생강 월계수 마늘
함초타락죽,찹쌀 우유 양파 파 치즈
황태두부무국,쪽파 후추 고추 두부 황태
삼합잡채,통깨 소고기 양파 당근 식용유 닭 바지락 참기름 고추 마늘 주꾸미 미나리 간장
고등어카레탕수,우유 카레 양파 전분 방울토마토 사과 감자 식용유 고등어
효도강정,설탕 식용유 견과 현미 율무
비트양파김치,식초 소금 양파 물 생강 비트 청양고추
관자브로콜리스프,우유 양파 시금치 브로콜리 파 후추 버터 마늘
곤약잡채,당근 고추 식용유 부추 팽이버섯 오이 참기름 간장 양파 달걀 대파 통깨 후추 마늘
미역 닭가슴살전,식초 미역 당근 닭 계란 대파 두부 청양고추 고추냉이 간장
두가지묵샐러드,배추 양파 가지 파프리카 고추 대파 묵 간장
블루베리양갱,한천 앙금 설탕 물 블루베리
장어찜,우유 샐러드 양파 후추 인삼 고추 우엉 장어 미나리 팽이버섯 간장
두부까나페,소금 샐러드 로즈마리 양파 마요네즈 당근 후추 오이 마늘 햄 두부 간장
두부청국장죽,소금 후추 당근 표고버섯 버섯 청국장 밥 참기름 마늘 대파 두부 쇠고기 간장
망고샐러드,식초 소금 피망 양파 후추 방울토마토 파프리카 망고 증편
토마토젤리,젤라틴 설탕 토마토 레몬 블루베리
샌드스테이크,카레 우유 소금 양파 시금치 베이컨 닭 버터 대파 느타리버섯
맥적구이,설탕 마요네즈 표고버섯 생강 된장 가지 참기름 땅콩 간장 소금 양파 대파 통깨 돼지고기 피망 마늘 정종
채소어묵,생선 소금 양파 옥수수 치즈 당근 식용유 생강 튀김 마늘 밀가루
주꾸미보리죽,미나리 우유 양파 치즈 당근 보리 참기름 밀가루 주꾸미 간장
오렌지삼겹찜,오렌지 고구마 설탕 식용유 정종 삼겹살
소고기볼게살타르,게맛살 소금 소고기 양파 고구마 마요네즈 바나나 파프리카 버터 식용유 빵가루 마늘
수삼떡갈비,통깨 양파 설탕 마늘 정종 대파 수삼 간장 대추
삼색딤섬,두부 소고기 양파 오징어 참기름 뽕잎 마늘 숙주 대파 밀가루 부추 미나리
밥크로켓,소금 양파 당근 식용유 튀김 밥 마늘 식용유 달걀 대파 빵가루 밀가루 메추리알
가지토마토구이,소금 가지 치즈 팽이버섯 토마토
함박스테이크,설탕 고추 빵가루 메추리알 소고기 와인 간장 소금 양파 토마토 달걀 대파 돼지고기 깻잎 마늘
냉파스타,식초 소고기 양파 설탕 스파게티면 파프리카 깻잎 마늘 간장
과일겉절이,식초 바나나 설탕 배 사과 키위 파인애플 마늘 식용유 고춧가루 간장
버섯탕수,녹말 식초 소금 양파 설탕 당근 물 식용유 표고버섯 튀김 키위 오이 달걀 간장 느타리버섯
아보카도 연어샐러드,아보카도 오렌지 훈제 양파 파프리카 연어
오렌지마리네이드 돼지고기,오렌지 우유 소금 돼지고기 시금치 후추 레몬 머스터드 파프리카 마늘
인삼갈비탕,간장 소고기 갈비 양파 파 설탕 대추 인삼 당면 표고버섯 달걀 마늘
체리젤리를 곁들인 고구마무스,젤라틴 호두 사과 민트 고구마 체리 건포도 산딸기 아몬드
카레닭 룰라이드,카레 소금 양파 당근 토마토 감자 닭고기
세 가지곡물콩라미수,우유 사과 민트 통조림 바나나 설탕 콩 버터 달걀 미숫가루
크림치즈 망고무스,젤라틴 사과 민트 설탕 레몬 크림 산딸기
토마토주스를곁들인컵토마토,양파 설탕 토마토 오이
해산물 훈제연어롤,훈제 소금 식초 양파 설탕 당근 파프리카 오이 소라 연어 고추장 주꾸미
인절미 무스와 수정과 아이스크림,젤라틴 호두 홍시 계피 생강 곶감
감닭떡갈비,소금 양파 매실 감자 달걀 닭고기 마늘 식용유
겨자아욱쌈밥,새싹 두부 아욱 매실 참기름 된장 날치 현미
다마고도후,다시마 달걀 날치 간장
단호박생채,다시마 새우 양파 배 마늘 까나리 부추 고춧가루
닭가슴살 스테이크,소금 가지 치즈 토마토 닭고기 마늘
마늘드레싱을 곁들인 키위샐러드,식초 샐러드 설탕 방울토마토 사과 물 키위 드레싱 마늘 아몬드 땅콩
깻잎향을 입힌 관자 샐러드,레시틴 깻잎 석류
건강그린 샐러드와 고소한 두유드레싱,식초 샐러드 마요네즈 설탕 방울토마토 물 두유 물엿 파프리카 드레싱
케일 오미자 샐러드,식초 샐러드 오미자 물 드레싱 케일
꼬막 달래 된장 무침,참기름 깻잎 파프리카 된장 마늘 고추장 꼬막
베이컨 가지 말이,식초 양파 가지 베이컨 배 사과 파프리카 마늘 고추장 고춧가루 미나리
청국장소스 연어 스테이크,마요네즈 대추 청국장 연어 식용유
두부곤약조림,간장 가지 고추기름 물 고추 마늘 꽈리고추 두부
아귀나가사키조림,녹말 꽃게 새우 문어 조개 양파 물 고추 소라 마늘 숙주 대파 전복 청양고추 아귀 미나리
카레가자미조림,강황 카레 양파 고구마 당근 토마토 브로콜리 가자미 파프리카 달걀 마늘 밀가루 청양고추
타콤소스닭조림,가지 양파 당근 토마토 사과 셀러리 닭 생강 브로콜리 마늘 파슬리 월계수
토마토콩조림,양파 설탕 대두 토마토 콩 파슬리
관자해장국,식초 다시마 두부 양파 당근 물 토마토 파프리카 고추 콩나물 마늘 고춧가루
견과류들깨해장탕,호두 다시마 양파 들기름 표고버섯 밤 두부 멸치 느타리버섯
뿌리채소들깨수제비,간장 다시마 소금 미역 물 연근 들기름 감자 마늘
대구지리탕,미나리 다시마 북어 물 생강 콩나물 고추 쑥 마늘 쑥갓 밀가루 청양고추 대구
양지해장국,간장 소금 방울토마토 콩나물 마늘 대파 청양고추 쇠고기 느타리버섯
토마토돼지고기해장국,다시마 돼지고기 양파 설탕 토마토 방울토마토 표고버섯 물 마늘 사태 대파 청양고추
효종갱,간장 배추 갈비 양파 양지 물 표고버섯 마늘 전복 쇠고기 느타리버섯
해물토마토김치찌개,홍합 새우 양파 팽이버섯 오징어 김치 토마토 당면 바지락 달걀 쑥갓 주꾸미 부추 미나리 느타리버섯
버섯 두유 소스 볶음,후추 두유 버섯 새싹 청양고추
백일송이버섯 볶음,파프리카
땅콩소스 버섯가지나물,간장 가지 표고버섯 참기름 마늘 땅콩
유자향의 곤약 냉채,후추 당근 사과 오이 파프리카 유자 드레싱
새우단배추된장국,다시마 배추 양파 새우 물 콩가루 된장 마늘 대파 두부 멸치
검은콩보리된장찌개,다시마 양파 표고버섯 바지락 보리 고추 대파 두부 청양고추 멸치
단호박배추된장국,배추 양파 물 고추 된장 대파
된장냉국,식초 다시마 양파 설탕 물 콩가루 오이 참기름 깻잎 된장 마늘 대파 청양고추
들깨된장육개장,다시마 배추 양파 돼지고기 보리새우 물 청주 된장 마늘 사태 숙주 대파 청양고추 고춧가루 느타리버섯
삼색묵냉국,당근 생강 고추 메밀묵 양배추 쇠고기 도토리묵 다시마 물 오이 파프리카 참깨 양파 달걀 대파 된장 마늘 쑥갓 멸치
샤브된장국,쪽파 팽이버섯 닭 깻잎 고추 마늘 대파 청양고추 느타리버섯
완자된장국,쪽파 돼지고기 양파 브로콜리 콩가루 표고버섯 고추 감자 된장 마늘 숙주 대파 두부 부추 당면
산나물된장찌개,표고버섯 순두부 취나물 다시마 고구마 물 콩 콩가루 고춧가루 양파 대파 청양고추 나물 마늘 멸치
토마토요구르트된장국,표고버섯 된장 요구르트 다시마 팽이버섯 양송이버섯 물 콩가루 고춧가루 양파 토마토 대파 청양고추 마늘 멸치
굴림만두된장국,간장 돼지고기 양파 팽이버섯 물 닭 밀가루 고추 마늘 대파 두부 부추
해물순두부된장찌개,순두부 미역 표고버섯 콩가루 바지락 된장 대파 주꾸미 멸치
곤약함박스테이크,당근 방울토마토 빵가루 쇠고기 가지 물 파프리카 두부 간장 양파 어린잎채소 달걀 대파 셀러리 브로콜리 스테이크 마늘
청국장 두부 검은깨 냉스프,청국장 두부 플레인요거트 스프
호박 고구마 스프,우유 고구마 설탕 물 스프
시금치 리조또,소금 시금치 두유 밥 버터
북어비빔밥,우렁 고사리 북어 당근 들기름 표고버섯 밥 달걀
무 현미밥,찹쌀 다시마 표고버섯 참기름 밴댕이 현미 간장
컵밥,고춧가루 시금치 베이컨 참기름 배추김치 소시지 달걀 마늘 쌀밥 김
두릅 샐러드,가지 설탕 두릅 레몬 드레싱 연어
구운 바나나,호두 바나나 설탕
과일무스 테린,젤라틴 우유 매실 키위 망고 딸기
가지볶음밥,양파 가지 들기름 파프리카 밥 마늘 두부 나물
닭고기볶음밥,강황 양파 당근 쌀 닭고기 수삼 대추
토마토라면,다시마 양파 물 토마토 대파 청양고추 멸치 스프
토마토샐러드라면,식초 간장 양파 라면 설탕 방울토마토 토마토 닭 마늘 파슬리
검은깨라면크로켓,식초 조청 물엿 어린잎채소 생강 드레싱 달걀 빵가루 땅콩 쇠고기
김말이두부스테이크,식초 소금 양파 고구마 후추 토마토 표고버섯 밀가루 버터 허브 마늘 쇠고기 두부 김
연어롤샐러드,식초 시금치 방울토마토 잣 고추 더덕 연어 마늘 부추
비타민이유식,감자 멜론 설탕 브로콜리
한입꼬치구이,오렌지 피망 고구마 후추 양송이버섯 식용유 파프리카 마늘 대파 주스
간장곤약볶음국수,양파 사과 생강 버터 간장 플레인요거트
닭가슴살리조또,찹쌀 우유 소금 피망 양파 토마토 표고버섯 닭 마늘 청양고추
녹차귀리라떼,우유 소금 녹차 브로콜리 후추 양파 귀리 닭 버터 아몬드
계란숙샐러드,게맛살 식초 조미료 방울토마토 부추 쇠고기 물 매실 파프리카 감자 달걀 브로콜리 후추
한식풍닭가슴살스테이크,양파 들기름 물 매실 닭 된장 쌀 청경채 마늘 미나리 고춧가루 간장
강황고구마밥,강황 양파 고구마 부추 닭 고추 쌀
된장시금치옹심이,소금 양파 시금치 당근 바지락 감자 고추 밀가루
불고기 소스를 곁들인 두부구이,전분 후추 물 식용유 불고기 두부 간장
매생이순두부탕,홍합 순두부 다시마 보리 멸치
겨자 오이고추소박이,식초 양파 설탕 당근 오이 고추 겨자 부추
실치오이 초절임,오이 식초
비트무절임,쪽파 식초 소금 설탕 비트
감귤 김치,소금 배추 김치 고추 마늘 귤 미나리 고춧가루
두부달걀덮밥,녹말 간장 다시마 양파 가지 설탕 물 표고버섯 청주 밥 달걀 두부
봄나물밥,두부 다시마 된장 쑥갓 현미 고추장 달래
가지연어구이,가지 토마토 사과 연어 마늘 파슬리
갈릭칩동태구이,동태
고구마두부스테이크,다시마 양파 고구마 스테이크 자청 청국장 마늘 대파 두부
닭가슴살카나페,우유 백김치 식초 바나나 고구마 닭 비트 새싹
삼색꼬치구이,돼지고기 브로콜리 목살 배 방울토마토 사과 파인애플
꽁치채소말이,오렌지 소금 양파 설탕 파프리카 깻잎 꽁치 새싹
차돌박이구이,오렌지 차돌박이 설탕 물 연근 어린잎채소 주스 미나리
간장아귀찜,간장 새우 양파 설탕 청주 생강 콩나물 고추 참기름 마늘 미나리 아귀 참깨
견과류통삼겹살찜,자두 설탕 당근 닭 생강 부추 삼겹살 호두 파프리카 참기름 땅콩 고춧가루 간장 양파 들기름 돼지고기 마늘 새우젓 아몬드
닭가슴살말이,식초 간장 시금치 설탕 당근 표고버섯 닭 잣 참기름 겨자 땅콩 참깨
두부말이찜,식초 간장 파 설탕 레몬 표고버섯 닭 참기름 깻잎 마늘 두부 참깨
미나리명태찜,명태 식초 간장 설탕 레몬 미나리
불고기덮밥,계란 생강 고추 팽이버섯 식용유 참기름 간장 쪽파 양파 불고기 대파 통깨 후추 마늘 쌀밥
바비큐리조또,식초 야채 후추 사과 부추 청국장 밥 감자 마늘 간장
간편콩국수,통깨 소금 양파 식용유 메밀 두유 고추 마늘 두부
모듬해물찜,새우 피망 양파 후추 물 고추 참기름 소라 마늘 대파 전복 간장
크렌베리귀리밥,귀리 백미
블루베리냉스프,바나나 브로콜리 체리 콩 두유 쌀 현미 딸기 블루베리
토마토제철나물 샐러드,식초 배추 양파 방울토마토 참기름 마늘 식용유 두부 부추 간장 참깨
브로콜리스프,소금 브로콜리 설탕 방울토마토 닭 버터 청양고추
초계샐러드,식초 피망 시금치 설탕 후추 닭 잣 오이 파프리카 달걀 겨자 참깨 대추
토마토맑은장국,배추 시금치 팽이버섯 방울토마토 닭 된장
매생이찰범벅,찹쌀 우유 소금 녹차 밤 멸치
통삼겹맥적구이,식초 통깨 샐러드 배추 당근 청주 닭 참기름 마늘 대파 간장
닭가슴살샌드스테이크,오렌지 양파 브로콜리 시금치 양송이버섯 방울토마토 후추 닭 콜리플라워 버터 마늘 주스
치즈리조또,우유 소금 치즈 표고버섯 참기름
가지말이샐러드,가지 파 설탕 치즈 양파 머스터드 튀김 파프리카 감자 마늘
유자등갈비구이,식초 소금 양파 설탕 당근 사과 생강 밤 마늘 식용유 월계수
실곤약팟타야,소고기 양파 피망 고추 마늘 숙주
닭고기라이스롤,우유 소금 양파 수수 당근 토마토 케첩 파프리카 쌀 닭고기 식용유 마늘
깐풍파스타,소금 피망 설탕 식용유 튀김 생강 파프리카 뽕잎 깻잎 호박 닭고기 달걀 정종 밀가루
닭강정,카레 양파 설탕 당근 케첩 식용유 튀김 파프리카 오이 닭고기 마늘 간장
소고기꼬치구이,꼬치 소금 소고기 설탕 베이컨 토마토 레몬 표고버섯 인삼 파프리카 파인애플 마늘 대파 간장
황태볶음면,다시마 소금 새우 양파 마요네즈 설탕 오징어 표고버섯 마늘 숙주 대파 양배추 간장 황태
토마토덮밥,새우 양파 가지 케첩 설탕 토마토 쌀 마늘
표고크림파스타,우유 소금 스파게티면 양송이버섯 표고버섯 버터 밀가루
떡갈비통치미국수,통깨 식초 소고기 동치미 양파 설탕 당근 배 오이 참기름 마늘 식용유 정종 대파 국수 간장
백김치닭살샐러드,식초 백김치 소금 설탕 당근 토마토 파프리카 닭고기 정종 월계수
단호박크림파스타,우유 파스타면 소금 양파 베이컨 양송이버섯 버터 마늘
견과편수,우유 양파 바나나 부추 머스터드 닭 잣 마늘 대파
바지락실곤약파스타,소금 파프리카 바지락 마늘 청양고추
황태리조또,홍합 소금 참기름 버터 달걀 두부 황태
깻잎애호박찜,피망 양파 파프리카 깻잎 간장
녹차와 대추밀전병,소고기 녹차 양파 당근 대추 등심 표고버섯 계피 오이 잣 달걀 밀가루 간장
단호박 된장매쉬와 해물굴림만두,녹말 소고기 소금 새우 고구마 된장 달걀
닭순대,간장 소금 당근 참기름 달걀 닭고기 밀가루 부추 당면
도라지 유자청생채,소금 도라지 고추 주스
돼지고기 숙주덮밥,쪽파 간장 소금 다시마 양파 팽이버섯 돼지고기 물 표고버섯 쌀 달걀 숙주
두부스테이크,소금 새우 양파 당근 토마토 레몬 파인애플 달걀 마늘 두부 케일
들깨곤약수제비,식초 사골 표고버섯 들깨 마늘
먹물소스를 곁들인 토마토피클,식초 소금 먹물 설탕 토마토 배 와인 우엉 새싹 피클
묵은지고등어와 새우말이꼬치,새우 가지 당근 깻잎 오이 파프리카 아몬드 마늘 고등어 땅콩 미나리
버섯배추말이,식초 다시마 소금 배추 설탕 표고버섯 양배추 미나리 간장
봄날의 연못,문어 양파 배 레몬 토마토 오이 라임
산나물 유부초밥,유부 취나물 식초 소금 설탕 토마토 참나물 쌀 나물
삼삼한 롤,아보카도 훈제 소금 양파 당근 레몬 감자 연어
삼색채소 냉파스타,파스타면 소금 시금치 사과 레몬 호박 닭고기 비트 마늘
새우보리죽 고등어스테이크,막걸리 식초 소금 새우 설탕 레몬 생강 보리 비트 고등어
소금없는 초밥,식초 다시마 소금 설탕 표고버섯 파프리카 밥 참치 달걀 김 가쓰오부시
잣소스새송이볶음,우유 소금 물 버섯 잣 파프리카
더덕얼갈이겉절이,소금 배추 파 물 생강 더덕 마늘 까나리 깨소금 고춧가루 간장
과일겨자채,호두 식초 배 사과 밤 겨자 곶감 땅콩 연유 대추
콜라비물김치,소금 양파 당근 물 배 오이 고추 실파
고구마라떼,우유 호두 고구마 계피 플레인요거트
홍시곶감화채,곶감 호두 홍시 물
오징어채소말이와 치킨양념소스,치킨 오징어 양파 케첩 물엿 토마토 오이 파프리카 마늘 고추장
옥수수감자샐러드,요구르트 소금 옥수수 마요네즈 파프리카 감자 달걀
홍합 쌀옹심이국,홍합 소금 양파 파 물 고추 감자 마늘 멸치 간장
찬밥김치달걀찜,양파 김치 당근 물 밥 쌀 달걀 새우젓
꼬막떡꼬치구이,떡 조청 양파 파 떡볶이떡 참기름 마늘 고추장 고춧가루 간장 꼬막
물파래콩전,식초 파 물 콩 고추 밀가루 파래 간장
카스텔라케이크와 해독주스,바나나 브로콜리 당근 방울토마토 사과 카스텔라 주스 체리
토마토김치,통깨 양파 바나나 방울토마토 배 매실 젓갈 참기름 고추 마늘 부추 고춧가루
닭가슴살스튜,우유 양파 브로콜리 후추 당근 방울토마토 토마토 닭 감자 마늘 밀가루
가지겉절이,통깨 식초 양파 가지 매실 생강 고추 마늘 대파 고추장 고춧가루
저염 동치미,쪽파 소금 양파 사과 매실 고추 마늘
장어수육구이,통깨 양파 매실 생강 겨자 장어
울금해초밥,고춧가루 미역 양파 참기름 쌀 된장 마늘 두부
미역줄기두부무침,통깨 식초 양파 미역 후추 마늘 두부 간장
맑은육개장,소금 소고기 양파 팽이버섯 고사리 후추 물 마늘 대파 양지 청양고추 간장
주꾸미보양샐러드,식초 소금 양파 후추 사과 식용유 레몬 고추 더덕 마늘 대파 주꾸미
전복내장밥,찹쌀 새우 후추 당근 연근 식용유 바지락 참기름 마늘 전복 소주
카레감자전,카레 식초 양파 설탕 식용유 감자 마늘 밀가루 간장
두부채소샐러드,표고버섯 파프리카 고추 겨자 두부
더덕비트물김치,식초 소금 양파 생강 고추 더덕 비트
연어허브스테이크,우유 로즈마리 양파 당근 토마토 레몬 버터 연어 마늘 밀가루 월계수
해물칼국수,홍합 미더덕 소금 다시마 새우 양파 마늘 대파 밀가루 멸치 간장 느타리버섯
버섯리조또,소금 다시마 양파 새우 양송이버섯 물 표고버섯 버터 쌀 마늘 멸치 느타리버섯
삼색소고기만두,당근 부추 소고기 다시마 파 참기름 들깨 밀가루 두부 소금 새우 양파 시금치 달걀 마늘 숙주 멸치
콩가루비빔밥,소금 소고기 고사리 당근 콩가루 표고버섯 오이 참기름 달걀 식용유 마늘 대파 쌀밥 고추장
인삼닭살찜,치킨 소금 인삼 닭 밤 표고버섯 정종 대추
양배추버섯말이,소금 소고기 팽이버섯 파 당근 설탕 표고버섯 오이 참기름 마늘 양배추 미나리 간장 느타리버섯
단호박떡갈비,양파 파 설탕 잣 참기름 마늘 간장
배추만두탕,미나리 느타리 통깨 소고기 배추 표고버섯 부추 참기름 마늘 대파 두부 간장
해산물누들볶음,홍합 새우 피망 양파 조개 오징어 스파게티면 소금 표고버섯 파프리카 마늘 카레가루
허브닭스테이크,우유 로즈마리 케첩 양송이버섯 토마토 당근 닭 버터 감자 마늘
새우완자찜,녹말 소금 새우 양파 당근 마늘 달걀
두부된장무침,두부 된장
귀리죽,소고기 양파 귀리 참기름 쌀 달걀 부추
탕평채,식초 소고기 통깨 설탕 참기름 파프리카 달걀 숙주 미나리 김 간장
겨자소스를 곁들인 새우롤과 전복샐러드,요구르트 식초 소금 새우 설탕 연어 겨자 전복 고추장
속채운대저토마토백김치,소금 양파 토마토 생강 오이 마늘
둥지튀김,소금 전분 설탕 레몬 밀가루 감자 달걀 닭고기 메추리알
들깨죽,찹쌀 양파 당근 사골 부추 고추 들깨 마늘
레몬크림콩다식,설탕 콩가루 레몬
룰룰랄라,소고기 소금 양파 당근 토마토 쌀 닭고기 전복 부추
매실소스를 곁들인 돼지고기만두,돼지고기 양파 당근 토마토 표고버섯 안심 마늘 당면
머스터드튤립치킨,소금 양파 후추 레몬 머스터드 튀김 닭고기 마늘 닭날개 식용유 파슬리
머위향 통밀푸실리,소금 마늘 양파
미니함박스테이크,소고기 소금 돼지고기 양파 설탕 당근 배 파프리카 마늘 간장 대추
바다완자탕,다시마 새우 전분 고추 달걀 대파 가쓰오부시
봄옷을 입은 닭,취나물 소금 고구마 당근 표고버섯 오이 파프리카 누룽지 달걀 닭고기 미나리
삼계치킨,오렌지 소금 레몬 인삼 깻잎 닭고기 마늘 대파 밀가루
삼계치킨롤,찹쌀 양파 당근 인삼 생강 월계수 닭고기 마늘 대파 대추
새우완자탕,치킨 새우 소금 전분 달걀 청경채
아삭,식초 소금 설탕 당근 월계수
연어비트 절임샐러드,오렌지 식초 소금 양파 설탕 연어 비트 새싹
가지나물냉국,식초 다시마 소금 가지 사과 고추 실파 마늘 청양고추 간장
수삼매운닭찜,양파 후추 당근 물 토막 닭 두유 감자 닭고기 마늘 대파 수삼 간장
수박즙돼지목심구이,돼지고기 후추 설탕 물엿 수박 마늘 목심 간장
별미병어조림,소금 양파 병어 후추 물 참기름 고추 된장 마늘 대파 고추장 고춧가루
비름나물겉절이,통깨 소금 파 물 소금물 마늘 까나리 고춧가루 간장 나물
깻잎단호박튀김,깻잎 호두 물 콩기름
냉머위들깨나물,머위 쪽파 소금 파 들기름 물 들깨 마늘 간장
수박껍질풋고추볶음,간 소금 고추 수박
우무오미자냉화채,물 오미자
포도호두스무디,요구르트 호두 오미자 포도
전복영양밥과 부추양념장,다시마 당근 양송이버섯 표고버섯 물 버섯 참기름 밥 쌀 실파 마늘 전복 부추 간장
근대쌈밥과 멸치견과류쌈장,호두 고추장 쌈장 다시마 양파 파 물 잣 된장 쌀 마늘 현미 멸치 땅콩
장어조림,통깨 양파 후추 청주 생강 참기름 깻잎 고추 대파 간장
통삼겹스테이크,식초 설탕 당근 된장 우유 요구르트 파프리카 양파 감자 현미 플레인요거트 로즈마리 버터 마늘
저염된장 삼치구이,전분 청주 삼치 고추 된장 마늘
미역전복죽,찹쌀 다시마 미역 당근 참기름 전복
불고기미니볼,계란 생강 빵가루 식용유 물 참기름 밀가루 딸기 간장 양파 감자 통깨 로즈마리 후추 마늘
치자연근물김치,식초 소금 설탕 당근 연근 생강 고추 마늘 미나리
훈제연어롤,녹말 오렌지 훈제 양파 설탕 물 레몬 연어 피클
크림닭,우유 소금 양파 치즈 식용유 닭 튀김 버터 달걀 빵가루 밀가루 파슬리
등심채소롤,녹말 소금 시금치 치즈 설탕 물 식용유 등심 튀김 파프리카 파인애플 돼지 달걀 빵가루 밀가루
유부완자탕,미나리 유부 새우 배추 양파 당근 표고버섯 마늘 두부 간장
미니밥버거,찹쌀 두부 소금 소고기 양파 치즈 마요네즈 토마토 패티 밥 버터 쌀 마늘 빵가루 현미
파프리카볶음밥,당근 표고버섯 밥 호박 치즈 파프리카 닭고기 간장 양파 토마토 파인애플 달걀 버터 마늘 파슬리
리코타치즈돈가스,우유 소금 양파 치즈 케첩 토마토 사과 식용유 등심 튀김 돈가스 돼지 달걀 빵가루 마늘 밀가루
삼겹살부추찜,녹말 양파 설탕 물 부추 생강 고추 월계수 된장 마늘 소주 간장 삼겹살
전복죽,새우 양송이버섯 당근 잣 참기름 쌀 전복 간장
오징어토마토초무침,식초 소금 통깨 양파 오징어 당근 토마토 고추 대파 고추장 미나리
들깨칼국수,새우 소금 다시마 양파 고추 들깨 달걀 식용유 마늘 밀가루 멸치
소고기채소불고기,당근 배 표고버섯 고추 양배추 참기름 간장 불고기 대파 통깨 깻잎 마늘 정종 대추
숙주라면,홍합 새우 양파 고추 청경채 숙주 대파 달걀 마늘 멸치 고춧가루
곤약냉면,식초 소금 동치미 설탕 배 파프리카 오이 달걀 겨자
과일갈비찜,설탕 당근 배 사과 생강 고추 소주 밤 참기름 오이 돼지갈비 간장 양파 대파 통깨 마늘 대추
토마토소스닭갈비,양파 고구마 토마토 매실 닭 깻잎 마늘 양배추 고추장 소주 고춧가루
골뱅이과일무침,식초 황도 설탕 당근 배 사과 고추 양배추 참기름 고춧가루 양파 파인애플 대파 통깨 바나나 케첩 골뱅이 깻잎 마늘 고추장
두유 마 떡갈비,떡 소고기 백미 떡볶이떡 설탕 당근 소금 양파 시금치 토마토 참기름 달걀 돼지고기 마늘 현미 간장
떡갈비와 미니잡곡밥,떡 소고기 백미 떡볶이떡 설탕 당근 소금 양파 시금치 토마토 참기름 달걀 돼지고기 마늘 현미 간장
리코타소스 연어샐러드,아보카도 우유 오렌지 소금 토마토 레몬 오이 파인애플 연어
망고무스케이크와 마카롱,젤라틴 우유 소금 설탕 물엿 레몬 버터 달걀 아몬드
망고자몽드레싱 해산물전체,소금 새우 브로콜리 설탕 당근 방울토마토 레몬 오이 감자 망고 파슬리
머쉬룸 닭스테이크,소금 양파 당근 버터 닭고기 양배추 느타리버섯
미역소스와 타르타르,우유 새우 미역 시금치 토마토 레몬 두유 마늘 메추리알 올리브
발사믹소스를 곁들인 오리스테이크,소금 양파 후추 당근 토마토 표고버섯 감자
방울토마토를 곁들인 너비아니구이와 쌈밥,소고기 브로콜리 설탕 당근 방울토마토 사과 배 참기름 감자 깻잎 마늘 간장
배차와 주악,막걸리 설탕 배 계피 생강 밀가루
배추관자카나페,소금 설탕 레몬 파프리카 파슬리 고추장
버섯과 두부 비프웰링턴,소고기 소금 양파 가지 당근 밀가루 안심 깻잎 버터 마늘 달걀 두부
복분자소스를 곁들인 닭테린,소금 시금치 브로콜리 고구마 토마토 치즈 전분 닭고기 마늘
관자버터구이,양파 시금치 마요네즈 오이 고추 버터 비트 피클
세 가지 미니 에피타이저,젤라틴 오렌지 훈제 새우 사과 레몬 연어 주스 석류
식혜양갱과 수박증편,막걸리 설탕 잣 밥 엿기름 버터 미숫가루 밀가루 대추
호박잎다슬기된장국,
양배추두부찜과 양파케첩소스,
수박비빔국수와 수박고추장소스,다시마 파 물 다슬기 된장 달걀 마늘 멸치 부추
미숫가루 부추전,소금 오징어 양파 당근 물 감자 미숫가루 부추
애호박장떡말이밥,소금 양파 물 참기름 밥 밀가루 고추장
봄나물주먹밥,취나물 소금 고사리 참기름 파프리카 마늘
달래두부김치무침,통깨 소금 피망 파 설탕 참기름 배추김치 마늘 두부 고춧가루
딸기소스닭가슴살채소무침,요구르트 호두 소금 브로콜리 방울토마토 닭 파프리카 딸기
쑥호두달걀말이,당근 호두 소금 달걀
시래기리조또,밥 된장 마늘 버터
생과일과가자미까나페,양파 가자미 마요네즈 식빵 딸기 크래커
꽃게살국,다시마 파 물 토마토 된장 마늘 양배추 꽃게
우엉들깨무침,간장 파 들기름 물 마늘 우엉
새우두부만두,식초 소금 새우 후추 물 표고버섯 두부 부추 고춧가루 간장
마마무스프,우유 소금 양파 시금치 버터 대파
단호박리조또,우유 양파 설탕 버터 현미 아몬드
토마토떡볶이,떡 양파 떡볶이떡 케첩 당근 토마토 사과 표고버섯 버터 어묵 마늘 대파 양배추 고추장
소고기채소볶음,소금 소고기 양파 당근 토마토 등심 파프리카 식용유
양송이크림볶음밥,우유 떡 소금 양파 떡볶이떡 양송이버섯 당근 버터 밥 닭고기
해물우동볶음,새우 오징어 조개 양파 당근 파프리카 버터 우동면 청경채 양배추
단호박닭꼬치,꼬치 닭다리 우유 떡 소금 양파 떡볶이떡 케첩 마늘 대파 고추장
떡갈비콩나물밥,통깨 소고기 떡 떡볶이떡 설탕 김치 배 표고버섯 떡갈비 콩나물 참기름 쌀 마늘 대파 간장
크림치즈떡볶이,우유 떡 양파 치즈 떡볶이떡 버터 밀가루 파슬리
목살스테이크,소금 로즈마리 양파 케첩 당근 생강 버터 돼지 마늘
치킨완자스프,우유 소금 양파 당근 표고버섯 참기름 버터 닭고기 마늘 밀가루 대추
돼지고기말이튀김,마요네즈 당근 설탕 튀김 빵가루 요구르트 치즈 식용유 등심 두부 밀가루 소금 양파 달걀 피망 머스터드 깻잎 돼지
단호박피자,소금 소고기 양파 치즈 당근 양송이버섯 베이컨 피망 파프리카 마늘 햄 파슬리
L..A갈비구이,양파 갈비 설탕 배 참기름 월계수 마늘 정종 대파 간장
닭고기파스타,우유 소금 닭살 양파 치즈 스파게티면 토마토 닭 버터 마늘 밀가루
동글동글도넛,순두부 소고기 소금 돼지고기 양파 토마토 달걀
된장크림소스 잡곡 오므라이스,찹쌀 전분 표고버섯 호박 된장 부추 은행 양파 달걀 로즈마리 피망 보리 마늘 팥 율무 대추
두릅부추 소고기말이,소고기 양파 두릅 마늘 대파 부추 홍두깨 간장
두부 비빔호박쌈,강황 소금 고사리 당근 파인애플 쌀 숙주 두부 고추장 간장
두부곤약파스타,식초 양파 설탕 배 토마토 파프리카 양배추 두부 간장
두유 라이크 파스타,양파 브로콜리 치즈 스파게티면 베이컨 두유 고추
라따뚜이,가지 양파 토마토 파슬리 월계수
라이스페이퍼 야채롤,새우 양파 베이컨 파프리카 깻잎 쌀 땅콩 블루베리
브로컬리 단호박스프와 완두콩퓨레,쪽 오렌지 우유 고구마 브로콜리 버터 식빵 밀가루
삼색샐러드와두부구이,소금 피망 설탕 파프리카 깻잎 밀가루 두부 간장
새송이등갈비,돼지고기 갈비 양파 당근 마늘 대파 간장
설렁탕쑥떡볶이,소금 돼지고기 갈비 뼈 당근 감자 고추 숙주 청양고추
소안심 야채 호박잎쌈,식초 소고기 다시마 양파 설탕 파프리카 오이 안심 두부 고추장
양배추 고기말이,두부 소금 돼지고기 시금치 등심 달걀 마늘 양배추
양배추 쌈말이,다시마 돼지고기 당근 사과 파프리카 깻잎 마늘 양배추 간장
연어샐러드,레몬 연어
오렌지 드레싱 타다키 부추샐러드,오렌지 소고기 소금 양파 레몬 등심 양배추 부추
마감자전,식초 양파 파 감자 간장
배추토란국,배추 물 참기름 된장 마늘 토란 쇠고기 대파 양지 고춧가루
갈치고추장구이,통깨 갈치 양파 파 생강 마늘 고추장 고춧가루 간장
단호박푸딩,우유
고등어된장구이,식초 다시마 양파 마요네즈 된장 콩기름 된장 고등어
낙지브로콜리볶음,소금 양파 브로콜리 방울토마토 낙지 마늘 밀가루
주꾸미돌나물무침,돌나물 통깨 식초 양파 파 파프리카 오이 마늘 주꾸미 고추장 고춧가루
사과소스폭찹,소금 돼지고기 양파 후추 토마토 사과 등심 물 버터
건도토리묵버섯들깨국,다시마 소금 파 물 표고버섯 들깨 마늘 멸치 간장 느타리버섯
무대하무침,새우 파 설탕 참기름 마늘 대하 고춧가루 간장
간편조기찜,통깨 조기 양파 고사리 물 생강 참기름 고추 마늘 간장
표고버섯쇠고기찜,양파 설탕 등심 표고버섯 참기름 마늘 대파 청양고추 쇠고기 간장
참나물돼지고기샐러드,식초 돼지고기 양파 파 설탕 생강 참나물 마늘 사태 고춧가루 간장
연근배추홍시샐러드,호두 요구르트 샐러드 배추 식초 소금 배 연근 사과 홍시 드레싱 땅콩
열무곤약국수,열무김치 양파 당근 레몬 계란 오이
장어구이,우유 식초 백김치 김치 생강 더덕 우엉 장어 간장
안심스테이크,포도주 호두 소금 후추 당근 안심 감자 버터 망고 마늘
로제파스타,양파 치즈 가지 토마토 오일 파프리카 마늘 파슬리
가지라따뚜이,피망 양파 치즈 가지 토마토 파프리카
쪽갈비구이,쪽 식초 양파 갈비 마요네즈 설탕 방울토마토 레몬 와인 후추 마늘
베이컨밀푀유,다시마 배추 양파 베이컨 표고버섯 깻잎 마늘 숙주 간장 멸치
실곤약냉파스타,새우 브로콜리 토마토 오일 잣 드라이아이스 마늘
명란프리타타,시금치 방울토마토 명란젓 달걀
양송이구이,로즈마리 후추 양송이버섯 밀가루 마늘 달걀 청양고추
함초김치,오렌지 식초 야채 배추 양파 설탕 주스
연어스테이크,호두 다시마 녹차 조미료 브로콜리 후추 된장 귀리 닭 버터 연어
웰빙꼬치,새우 양파 설탕 후추 방울토마토 닭 파프리카 버터 소라 마늘 대파
매운닭날개구이,양파 브로콜리 후추 방울토마토 닭 감자 버터 고추 마늘 닭날개 고춧가루
웰빙카레죽,카레 새우 양파 방울토마토 닭 감자 버터 마늘
닭가슴살 두부선,식초 소금 시금치 설탕 참기름 닭고기 비트 마늘 두부 플레인요거트
단호박 마전,밀가루 소금
완두콩과 당근을 넣은 감자요거트 샐러드,감자 당근 플레인요거트
무오색쌈,통깨 식초 소금 설탕 당근 표고버섯 오이 참기름 달걀 마늘 겨자 쇠고기
흑마늘견과류조림,호두 물엿 마늘 땅콩 간장 아몬드
고구마 찰 빵,소금 양파 전분 고구마 물 김치 식용유 타피오카 비트
브로콜리견과류복음,소금 브로콜리 버터 아몬드
유린기,닭다리 식초 설탕 전분 생강 고추 식용유 옥수수 물 간장 대파 청양고추 마늘
단호박 호밀빵,이스트 소금 물 베이킹파우더 드라이아이스 참깨
미숫가루 스콘,우유 호두 베이킹파우더 버터 달걀 미숫가루
고구마 공갈빵,이스트 우유 소금 고구마 물 버터
검은콩 크림빵,우유 이스트 소금 호두 물 콩 달걀
오이 소르베,과일 시럽 셀러리 오이
리코타치즈 카프레제,우유 식초 방울토마토
연두부 카프레제,양파 치즈 방울토마토 참기름 깻잎 마늘 두부 간장
연두부 토마토,식초 방울토마토 사과 어린잎채소 플레인요거트
들깨삼겹살과 참외쌈장,고추 된장 부추 삼겹살 참외 파 참기름 고춧가루 참깨 양파 쪽 마늘
돼지고기 포두부 파스타,쪽 청양고추 식초 새우 양파 돼지고기 닭 마늘 대파 고추장 고춧가루
단호박 양파잼 샌드위치,우유 자두 소금 양파 식빵 아몬드
시금치크림치즈 빵,이스트 소금 시금치 후추 방울토마토 사과 물 드라이아이스 달걀 마늘 참깨
무말랭이김치,식초 설탕 당근 물 레몬 오이 피클
코울슬로샐러드,식초 피망 양파 마요네즈 설탕 파프리카 드레싱 양배추
마들깨미역국,다시마 미역 물 참기름 들깨 마늘
바지락맑은국,다시마 팽이버섯 물 바지락 고추 대파 쑥갓 청양고추
통배추 겉절이,쪽파 통깨 소금 배추 홍시 생강 젓갈 참기름 마늘 고춧가루
포니언 스프,우유 소금 양파 감자 버터 크루통 파슬리
가지 탕수육,식초 소금 돼지고기 가지 전분 튀김 고추 식용유 두부 간장
토마토소스 애호박냉파스타,식초 참외 오이 페페로니 올리브 베이킹파우더 간장 소금 양파 토마토 쪽 마늘
새우채소 김치롤,새우 김치 오이 파프리카 깻잎 달걀 식용유
떡순이 두부쌈,떡 떡볶이떡 식용유 양배추 부추 소고기 물 파프리카 어묵 두부 베이킹파우더 양지
두부샐러드 메밀김밥,당근 사과 레몬 족발 양배추 지단 치즈 오이 참기름 간장 양파 달걀 김 메밀 깻잎
토마토채소스프와 연어소바찜,소금 양파 당근 토마토 메밀 연어 마늘 월계수
참나물무말이 물김치,쪽 식초 설탕 물 레몬 사과 참나물 고추 마늘
소고기 무국,소고기 파 물 숙주 간장 느타리버섯
매운락교무침,쪽파 설탕 참기름 마늘 고춧가루 참깨
채소초밥,찹쌀 식초 다시마 설탕 레몬 파프리카 쌀 김 우엉 현미 파래
꽃게바지락찌개,다시마 양파 물 바지락 콩나물 된장 대파 멸치 고추장 꽃게 고춧가루 간장
새뱅이찌개,고추장 다시마 소금 양파 파 물 호박 마늘 쑥갓 밀가루 청양고추 고춧가루 간장
황태미역국,간장 다시마 물 표고버섯 참기름 마늘 대파 황태
매실입은가지닭볶음탕,식초 가지 파 참기름 미림 마늘 닭고기 간장
홍시잼 식빵,이스트 우유 소금 홍시 달걀
콩가루 소보로,비스킷 우유 이스트 소금 고구마 콩가루 오일 베이킹파우더 버터 코코넛 달걀 아몬드
곤약 가스,간 식초 간장 양파 설탕 토마토 마늘 식용유 땅콩 미림 아몬드
두부크림 관자뇨키,우유 새우 두부 양파 치즈 마늘 청양고추
토마토 해물누룽지탕,표고버섯 고추 식용유 홍합 팽이버섯 물 청경채 고춧가루 간장 새우 양파 토마토 누룽지 목심 대파 청양고추 배추 오징어 후추 깻잎 마늘 숙주
"삼색나물, 토마토양념장",식초 소금 양파 고사리 시금치 토마토 도라지 참기름 마늘 고추장
삼색 브레드 스틱,이스트 소금 당근 물 연근 참나물 드라이아이스 버터 식용유
양배추말이 김치,식초 시금치 당근 사과 오이 양배추 고춧가루 간장
단호박 양고기볶음,쪽 양파 고구마 머스터드 콜리플라워 마늘 양고기
채소 프리타타,식용유 우유 소고기 팽이버섯 치즈 소금 달걀 새싹 느타리버섯 배추 숙주
고등어 라따뚜이 파스타,가지 대파 물 표고버섯 토마토 식용유 고등어 청양고추
과카몰리 갈치구이,아보카도 갈치 소금 양파 후추 토마토 레몬 토막 마늘 라임
배추겉절이,쪽파 통깨 배추 양파 매실 생강 감자 마늘 까나리 새우젓 고춧가루
홍시에이드,탄산수 배 홍시 사이다
낙지묵은지콩나물국,콩나물 쌀뜨물 낙지 마늘 대파 멸치 고춧가루 간장
자색고구마 버터크림 빵,이스트 소금 바나나 고구마 물 밤 버터 달걀
치아바타 피자빵,로즈마리 소금 양파 치즈 양송이버섯 물 토마토 버섯 파프리카 식용유 블루베리
코코넛워터 토마토카레,카레 우유 소금 양파 당근 물 토마토 닭 감자 마늘 파슬리 물 코코넛
치즈 단호박,우유 치즈 아몬드 달걀 파슬리
강황 투움바 파스타,쪽 강황 다시마 양파 물 토마토 두유 마늘 바게트 파슬리 고춧가루
깻잎 쌈두부 라자냐,식용유 월계수 소고기 치즈 와인 청경채 두부 완숙 소금 양파 토마토 배추 후추 깻잎 마늘 숙주 양지 당면
참깨가지말이밥,닭다리 양파 시금치 스파게티면 방울토마토 토마토 닭 감자 마늘 고추장 고춧가루
코다리 뿌리채소 들깨탕,연근 표고버섯 생강 고추 호박 우엉 다시마 들깨 양파 대파 청양고추 느타리버섯 후추 천일염 마늘 쑥갓 멸치
찹쌀 흰살 생선찜,찹쌀 식초 배추 가자미 파 후추 마늘 새우젓 대파 고춧가루 월계수
깻잎퓌레를 곁들인 삼치새우,우유 소금 새우 전분 설탕 삼치 감자 깻잎 버터 청경채 식용유
참나물페스토 파스타,소금 스파게티면 방울토마토 잣 참나물
카레삼겹살 파니니,쪽 아보카도 카레 양파 대패삼겹살 방울토마토 마늘 대파 미나리 고춧가루 간장 플레인요거트 삼겹살
어린잎채소 건두부말이,치즈 어린잎채소 마늘 두부
해산물 완자볼을 곁들인 양장피 콩국수,당근 식용유 지단 계란 콩 참기름 파프리카 새우 양파 달걀 오징어 피망
토마토를 곁들인 마늘밥,백미 후추 토마토 마늘 현미 파슬리
낙전새 카레볶음밥,강황 새우 백미 양파 브로콜리 잡곡 콩 낙지 마늘 대파 전복 파슬리
토마토 채소 계란찜,양파 파 치즈 브로콜리 방울토마토 후추 계란 마늘
배 깍두기,쪽파 배 마늘 고춧가루
바지락가자미완탕국,양파 가자미 후추 전분 무 팽이버섯 물 바지락 고추 마늘 대파 쑥갓 두부
저염보쌈김치,당근 배 생강 물 잣 밤 파프리카 미나리 고춧가루 소금 양파 배추 마늘 멸치 대추
새우게살 파프리카롤,아보카도 간 새우 파 치즈 머스터드 파프리카 마늘 올리브 요플레
콩국물소스를 곁들인 게살 냉채,우유 소금 가지 브로콜리 수박 게살 두부
방아잎 닭고기말이,마요네즈 방울토마토 사과 아보카도 치즈 물 잣 간장 양파 대파 플레인요거트 쪽 스테이크 마늘 파슬리
새우 카레 빠에야,카레 새우 다시마 양파 토마토 황태 쌀 마늘 파슬리
오징어 가라아게&칠리소스,식초 오징어 설탕 전분 토마토 마늘 식용유 대파 밀가루 고춧가루
토마토 채소 가지롤,순두부 소금 파 팽이버섯 가지 양파 토마토 후추 마늘 청양고추 느타리버섯
토마토시금치 닭볶음탕,닭다리 양파 시금치 스파게티면 방울토마토 토마토 닭 감자 마늘 고추장 고춧가루
콜라비 깍두기,쪽파 양파 매실 생강 천일염 고추 마늘 고춧가루
비타 오이 물김치,식초 설탕 당근 배 파프리카 고추 오이 미나리 고춧가루
감자미역국,미역 물 참기름 감자 마늘 간장
청경채 김치,간장 소금 배 생강 청경채 마늘 고춧가루
두부 새우볼,소금 새우 양파 생강 버터 식용유 두부 파슬리
소고기육전과 전복내장소스,쪽파 식초 새우 물 생강 참기름 고추 달걀 식용유 부챗살 전복 밀가루 간장
라이스페이퍼 수제소시지,훈제 돼지고기 양파 버섯 파프리카 마늘 새우젓 쌀 베이킹파우더 간장
치즈토마토 가지구이,쌈장 돼지고기 가지 치즈 양파 토마토 파프리카 마늘 목살
묵은지 밀푀유나베,소고기 배추 콩나물 깻잎
생선까스&타르타르소스,양파 마요네즈 후추 물 튀김 고추 달걀 식용유 청양고추
미옹 카레,새우 미역 양파 물 튀김 감자 식용유 카레가루
곤약 감자조림,식초 다시마 설탕 물 참기름 감자 고추 미림 간장
배추된장국,배추 양파 물 쌀뜨물 된장 마늘 대파 두부 청양고추 멸치
한우굴라쉬,소금 양파 케첩 후추 토마토 물 등심 파프리카 감자 버터 마늘 밀가루 쇠고기 월계수
요거트강화순무김치,쪽파 소금 마늘 순무 고춧가루 플레인요거트
크림카레소스를 곁들인 함초두부스테이크,강황 우유 소금 양파 당근 닭 밀가루 버터 달걀 빵가루 식용유 마늘 두부 간장
레몬등갈비구이,로즈메리 갈비 레몬 마늘 소주
밀푀유 채소 웰링턴,전분 표고버섯 우유 소고기 다시마 물 들깨 청경채 두부 간장 로즈메리 소금 양파 토마토 배추 후추 깻잎 마늘 숙주
참나물 매콤함박스테이크,청양고추 소금 후추 물 닭 참나물 마늘 두부 고추장 고춧가루
과일 먹은 닭탕수,소금 포도 설탕 전분 사과 레몬 청주 후추 물 파인애플 닭고기
콜리플라워미역국,새우 양파 물 콜리플라워 간장
구기자모듬장조림,다시마 양파 파 당근 표고버섯 마늘 사태 구기자 메추리알 간장
오미자저염나박김치,식초 배추 설탕 당근 물 레몬 오이 고추 실파
메밀면 샐러드,식초 당근 방울토마토 어린잎채소 메밀 닭 마늘 간장
치즈 두부 튀김,호두 우유 고구마 치즈 빵가루 식용유 두부
단호박 라타투이,쪽 소금 훈제 양파 가지 토마토 오리고기 파프리카 호박 마늘
느타리버섯볶음,간장 소금 피망 후추 파프리카 식용유 느타리버섯
오리들깨 겨자소스 초무침,식초 양파 당근 물 오이 오리고기
닭고기 바비큐,로즈마리 양파 피망 설탕 물 토마토 케첩 닭 파프리카 마늘
닭고기 편육,요구르트 설탕 참기름 고추 닭고기 식용유 정종 대파 간장
돼지고기 찹쌀부침,돼지고기 물엿 물 등심 고추 파인애플 된장 깻잎 마늘 대파 간장
등심 배구이,포도주 식초 간장 설탕 배 등심 오이 식용유 쇠고기
버섯소스를 곁들인 돼지 등심 스테이크,물 등심 표고버섯 버터 돼지 식용유 밀가루 파슬리
쇠고기 감자찜,설탕 참기름 고추 감자 마늘 쇠고기 미나리 깨소금 간장
양송이버섯과 포도주스를 가미한 등심구이,소금 로즈마리 설탕 토마토 물 등심 마늘 파슬리 쇠고기 월계수
비타 오이 물김치,식초 설탕 당근 배 파프리카 고추 오이 미나리 고춧가루
새우살토마토스튜,다시마 소금 새우 양파 후추 당근 토마토 물 버터
견과류문어떡갈비,호두 문어 떡 파 후추 대추 배 잣 참기름 마늘 식용유 밀가루 아몬드
배물김치,설탕 배 물 생강 고추 감자 마늘 미나리
성주참외동치미,식초 소금 양파 참외 설탕 누룩 배 물 생강 고추 마늘 대파
애호박 순대,계란 식초 소고기 양파 팽이버섯 파프리카 깻잎 달걀 두부 간장
버터치킨카레,당근 바게트 월계수 파프리카 가람 닭고기 베이킹파우더 소금 양파 토마토 버터 마늘
소고기찜과 검은콩수제비,당근 표고버섯 소고기 가지 팽이버섯 콩 청경채 간장 쪽파 새우 소금 불고기 현미 청양고추 느타리버섯 배추 숙주 쑥갓
소고기 김말이,쪽파 고춧가루 소고기 후추 물 튀김 마늘 식용유 김 간장
케이준 스타일 닭고기 요리,로즈마리 양파 후추 닭 파프리카 마늘 식용유
헝가리안 폭찹,양파 물 등심 머스터드 파프리카 돼지 마늘
구운 닭고기 샐러드와 저나트륨 과일 드레싱,소금 통조림 양파 설탕 방울토마토 사과 닭 키위 파인애플 드레싱
돼지고기 수육 부추부침,식초 설탕 생강 된장 부추 삼겹살 물 두부 간장 소금 양파 고추기름 대파 돼지고기 마늘
쇠고기 채소볶음,피망 전분 표고버섯 참기름 달걀 식용유 정종 쇠고기 간장
낙지볶음면,배추 양파 피망 소금 표고버섯 낙지 대파 청양고추 고춧가루 느타리버섯
지중해 소스를 곁들인 도미스테이크,토마토 물 마늘 식용유 도미 올리브 밀가루 파슬리
해산물 샤브샤브,식초 새우 오징어 팽이버섯 굴 물 통깨 버터 쑥갓
고등어구이,식초 간장 고등어 밀가루
골뱅이무침,식초 설탕 고추 오이 참기름 미나리 깨소금 양파 대파 골뱅이 깻잎 마늘 고추장
굴 두부 국,소금 다시마 굴 참기름 고추 마늘 실파 새우젓 두부 김
과일퓨레수제함박스테이크,당근 배 사과 연근 방울토마토 레몬 생강 전지 빵가루 쇠고기 밀가루 소금 양파 토마토 도라지 파인애플 달걀 돼지고기 피망 후추 버터
달콤과일깍두기,참외 배 생강 마늘 새우젓 실파 고춧가루
비트 단호박 파스타,설탕 스파게티면 치즈 감자 스리라차 비트 마늘
해조비빔국수,식초 양파 매실 파프리카 오이 도토리묵 스리라차 마늘 간장 참깨
닭봉 로제스튜,강황 당근 월계수 치즈 파프리카 소금 통조림 양파 토마토 감자 쪽 브로콜리 버터 마늘
수제새우소시지,새우 양파 깻잎 마늘 쌀 파슬리
감태샐러드말이와 버섯말이깐풍,식초 마요네즈 고추 식용유 버섯 참기름 쌀 파인애플 대파 느타리버섯 머스터드 마늘 감태
금태찜,식초 소금 다시마 당근 청주 콩나물 고추 대파 미나리 간장 느타리버섯
김자반,식초 통깨 설탕 물엿 물 생강 고추 마늘 김 간장
꽁치 양념구이,간장 케첩 물엿 물 토마토 마늘 식용유 꽁치 밀가루 고추장
꽃게강정,케첩 물엿 토마토 생강 고추 마늘 식용유 꽃게 고춧가루 간장
낙지강회,식초 다시마 미역 설탕 당근 낙지 실파 고추장 고춧가루
낙지 잣소스 냉채,소금 피망 배 잣 밤 오이 낙지 미나리
두부 해산물 꼬치구이,소금 방울토마토 소라 마늘 두부
마 두부 오징어전,녹말 식초 소금 오징어 설탕 표고버섯 고추 식용유 두부 간장
멸치 찹쌀양념 튀김,양파 설탕 물엿 참기름 실파 식용유 마늘 고추장 땅콩 간장 멸치
미역 물오징어 연두부 초회,식초 미역 간장 물엿 고추 마늘 꽈리고추 고추장
부추조개살 콩비지조림,
연어냉채,소금 통조림 설탕 배 사과 오이 파인애플
오징어말이 케첩조림,오징어 시금치 케첩 당근 토마토 물 표고버섯 달걀 식용유 마늘 밀가루
오징어보쌈과 저나트륨 된장소스,식초 양파 설탕 당근 물 오이 고추 된장 상추 갑오징어
칠리새우,두반장 식초 새우 설탕 고추기름 청주 케첩 생강 참기름 달걀 식용유 마늘 대파 밀가루
"연근샐러드, 흑임자소스",식초 마요네즈 연근 레몬 플레인요거트
단호박함박스테이크,소고기 소금 돼지고기 양파 후추 당근 콩기름 계란 마늘
배깍두기,설탕 배 매실 부추 고춧가루 참깨
닭고기 찰깨빵,훈제 소금 양파 치즈 설탕 방울토마토 닭 파프리카 파슬리
레몬연어 파피요트,쪽 로즈메리 소금 양파 브로콜리 방울토마토 레몬 파프리카 연어 마늘 필레
떡꼬치구이,간장 떡 양파 떡볶이떡 파 케첩 참기름 마늘 식용유
부추 배무침,양파 배 마늘 부추 고춧가루 간장
아보카도 두부 샐러드,아보카도 양파 민트 소금 게살 드레싱 고추냉이 간장
과일 젤리,젤라틴 통조림 설탕 파인애플 귤 체리
복숭아샤벳,민트 시럽 설탕 식혜 복숭아
과일 주스 조림,자두 포도 설탕 사과 산딸기 복숭아 블루베리 천도복숭아 체리
감자를 곁들인 야채스튜,우유 소금 피망 양파 가지 후추 토마토 콩 닭 감자 마늘
김치 고구마밥,통깨 고구마 김치 물 사과 참기름 마늘 실파 고춧가루 간장
돈불고기 파인애플볶음,돼지고기 양파 설탕 당근 참기름 파인애플 마늘 불고기 대파 양배추 부추 간장
비름나물 된장무침,다시마 양파 마요네즈 물 생강 참기름 참깨 된장 마늘 고추장 고춧가루 나물
소고기 들깨 알토란탕,소고기 소금 고사리 콩나물 깻잎 들깨 대파 양지 고춧가루 간장 느타리버섯
과일삼겹살조림&파채무침,식초 돼지고기 양파 설탕 배 사과 레몬 생강 파인애플 마늘 대파 새싹 고춧가루 간장 삼겹살
곤약백김치말이,식초 백김치 양조 파프리카 부추
꽈리고추 닭강정,쪽 계란 양파 전분 생강 고추 달걀 식용유 꽈리고추 대파 마늘 참깨
참치두부 주먹밥,통조림 참기름 깻잎 파프리카 참치 두부 간장
열무톳김치,생강 마늘 열무 고춧가루
대구 크림스튜,소금 새우 피망 토마토 콩 파프리카 버터 마늘 땅콩 대구
대추죽,소금 물 밤 좁쌀 대추
돼지고기 토마토 두부볶음,소금 돼지고기 전분 토마토 식용유 물 닭 생강 두부 땅콩 간장
멜론스프,오렌지 자두 민트 전분 멜론 설탕 레몬 탄산수
미니버거,돼지고기 마요네즈 당근 토마토 케첩 후추 버거 빵가루 달걀 빵 쇠고기
바질 고구마 옥수수빵(플렌타),고구마 파 시금치 치즈
밥스틱,카레 소금 피망 치즈 당근 식용유 튀김 밥 햄
버섯 리조또,소금 파 치즈 닭 버터 쌀 마늘 파슬리
버섯 참치 무른밥,통깨 소금 양파 물 표고버섯 참기름 쌀 참치
송이 미역국,미역 양파 당근 물 참기름 쌀
시금치 배 미음,물 시금치 쌀 배
어린이 스시,식초 새우 소금 양파 치즈 마요네즈 설탕 밥 참치 달걀 햄 날치
에멘탈 치즈 퐁듀,소금 전분 후추 물 방울토마토 닭 키위 마늘
"두부구이, 버섯소스",쪽파 크림 두부 간장 느타리버섯
고구마 김치,고구마 젓갈 고추 마늘 미나리 고춧가루 참깨
담양식떡갈비&야채쌈,간장 양파 설탕 깻잎 돈육 대파 두부 상추
단감피클,설탕 물 식초 단감
들깨 삼계면,우유 식초 소금 티백 사과 닭 깻잎 고추
골뱅이무침과 삼겹살수육,설탕 골뱅이 마늘 고추장 고춧가루 간장 월계수 삼겹살
완두콩 스프,후추 소금
유부 만두찜,미나리 유부 식초 소금 양파 시금치 설탕 닭 참기름 두부 멸치 깨소금 간장
펜네 파스타 샐러드,파스타면 소금 양파 파 치즈 피망 토마토 콩 잣 올리브
해산물 옥수수 오븐구이,소금 새우 치즈 옥수수 토마토 바지락 고추 실파 달걀 도미 햄 마늘
향향 볶음밥,소금 파 식용유 닭 오이 감자 밥 닭고기
흑임자 두부국,두부 물 소금 쌀
과일 요구르트 샐러드,오렌지 요구르트 바나나 멜론 사과 주스 플레인요거트
단호박 스프,우유 소금 양파 고구마 닭 생강 버터 마늘 주스
새우 완자탕,계란 간장 소금 다시마 새우 전분 고추 달걀 마늘 부추 당면
생강향의 고구마 크로켓,소금 고구마 물 식용유 생강 튀김 버터 달걀 빵가루 밀가루
알파벳 스프,파스타면 소금 양파 당근 닭 월계수 마늘 식용유
야채 과일 돌구이,오렌지 소금 고구마
야채볶음,소금 전분 당근 물 참기름 감자 식용유
야채빵,우유 소금 양파 설탕 당근 베이킹파우더 버터 달걀 밀가루
영양 달걀찜,소금 새우 죽순 잣 밤 은행 어묵 달걀 쑥갓 멸치
유부 달걀찜,유부 소금 설탕 당근 달걀 멸치 간장
찰 어묵찜,소금 새우 전분 후추 청주 어묵 마늘 깨소금
유부 우엉 잡채,유부 양파 설탕 당근 참기름 우엉 간장 참깨
치즈두부샐러드,식초 치즈 새싹 두부 간장 아몬드
된장숙성저수분수육,보쌈 양파 생강 돈육 마늘 대파 월계수
스마일오이피클,식초 피망 설탕 배 물 오이 파프리카 피클
참나물 소보로덮밥,취나물 소금 돼지고기 참나물 참기름 쌀 달걀 식용유 간장
버섯초계탕,쪽 소금 양파 팽이버섯 전분 닭 달걀 마늘 대파 미나리 간장
사과채소타코,아보카도 양파 치즈 마요네즈 토마토 사과 파프리카 마늘 파슬리 플레인요거트
케첩 완자,소금 케첩 생강 돼지 청경채
홍시 생밤 무침,호두 홍시 바나나 대추
고구마 경단,우유 소금 고구마 건포도 카스텔라 버터
두부 깻잎 과자,소금 설탕 베이킹파우더 밀가루 깻잎 달걀 두부
두부양갱,한천 설탕 물 백련 두부
멸치 누룽지과자,통깨 설탕 밥 멸치
복숭아 화채,오미자 설탕 배 물 잣 복숭아 천도복숭아
사과 포도주스 조림,사과 계피 아이스크림
홍시 쉐이크,물 오미자 민트
김치떡,소금 오징어 김치 설탕 물 참기름 마늘 밀가루 깨소금
누룽지 피자,소금 피망 양파 설탕 양송이버섯 토마토 케첩 실파 마늘 햄 쇠고기 간장
단호박 새우찜,소금 피망 새우 참기름 밀가루 실파 마늘 두부 깨소금
두부 샌드위치,오렌지 소금 바나나 토마토 사과 키위 식용유 두부
라이스페이퍼 새우롤,식초 전분 설탕 차 고추 팽이버섯 물 쌀 상추 새우 양파 고추기름 피망 마늘 숙주
"레몬, 파슬리 빵가루를 입힌 도미",소금 레몬 버터 마늘 빵가루 도미 파슬리
롤피자,이스트 소금 피망 양파 파 치즈 양송이버섯 물 베이컨 밀가루
닭곰탕,다시마 양파 후추 물 닭 고추 마늘 대파 청양고추
미나리버섯고기말이&산채소스,취나물 파 후추 치즈 등심 참나물 마늘 땅콩 미나리
오이파프리카새콤무침,식초 설탕 오이 파프리카
양상추샐러드 & 과일드레싱,당근 사과 파인애플
시금치들깨무침,통깨 소금 파 시금치 들기름 들깨 마늘
채소롤초밥,소금 다시마 가지 식초 매실 오이 밥 참기름 참깨
미니 떡갈비,양파 파 떡갈비 참기름 마늘 밀가루 깨소금 간장
배추 달걀볶음,소금 돼지고기 배추 파 전분 물 닭 생강 달걀 식용유 간장
사과와 양파를 곁들인 돼지등심 요리,
새우 속을 채운 리치와 감자튀김,식초 전분 설탕 레몬 튀김 생강 실파 계란 식용유 새우 소금 양파 고추기름 감자 달걀 리치 마늘
생선살 완자 찹쌀 찜,찹쌀 계란 소금 시금치 전분 당근 달걀
서양식 씨리얼(뮤즐리),우유 바나나 사과 건포도 계피 키위 오트밀 플레인요거트 아몬드
수퍼 브리또,아보카도 오렌지 소금 양파 베이컨 배 콩 토마토 파프리카 강낭콩 마늘 쇠고기
아보카도 달걀 샌드위치,아보카도 소금 마요네즈 후추 식빵 달걀
알록달록 시금치 당근 수제비,소금 시금치 당근 물 감자 실파 마늘 밀가루 멸치 간장
인도식만두구이(사모사),생선 카레 토마토 레몬 물 생강 버터 마늘 달걀
중국식 바비큐 폭립,소금 양파 케첩 토마토 바비큐 돼지갈비 마늘 식용유
"제주도 빙떡, 귤간장소스",통깨 다시마 파 후추 참기름 마늘 귤 간장
퓨전떡갈비,소고기 돼지고기 양파 배 생강 참기름 마늘 간장 참깨
마늘칩 감자샐러드,양파 마요네즈 설탕 머스터드 감자 마늘 파슬리 플레인요거트
시래기닭조림,간장 양파 설탕 당근 후추 물엿 고추 닭고기 마늘
두부튀김&무소스,식초 전분 양조 배 설탕 깻잎 식용유 두부 간장
오징어튀김&딸기쨈,오징어 후추 물 계란 식용유 밀가루 딸기
감귤콩샐러드,수수 율무 콩 감귤
바질향이 향긋한 고구마 찰 바케트,이스트 분유 바게트 고구마 물 소금 드라이아이스 달걀 노른자 버터 아몬드
두유 크림 현미리소토,다시마 양파 두유 깻잎 마늘 고등어 간장
당근새우 카나페,식초 새우 양파 사과 당근 민트 사과 레몬 바게트 파슬리 블루베리
아보카도 수란샐러드,아보카도 식초 소금 토마토 레몬 파프리카 달걀 상추
참깨 오렌지 쇠고기,오렌지 전분 생강 파인애플 사태 식용유 주스 쇠고기 간장 참깨
치킨 버거 스테이크,소금 양송이버섯 차 닭 버터 빵가루 파슬리
토마토소스 달걀볶음,소금 파 설탕 식용유 참기름 달걀
낫토 시래기 라이스전,카레 소금 당근 밥 낫토 달걀 식용유 밀가루
나스와 샐러드,설탕 토마토 오이 고추 참치 달걀 마늘 올리브
다시마전,고춧가루 소금 다시마 새우 설탕 물 실파 밀가루 부추 깨소금 멸치
모듬옥수수,소금 피망 옥수수 전분 당근 물 잣 닭고기 식용유
버섯 들깨탕,떡 소금 팽이버섯 물 들기름 표고버섯 들깨 우엉 느타리버섯
산마드래싱과 실곤약 샐러드,오렌지 호두 소금 우유 배 주스
산호두부,소금 돼지고기 파 전분 고추기름 당근 물 생강 두부
섭산삼,소금 녹차 설탕 식용유 튀김 더덕
시금치 돼지고기 볶음,소금 돼지고기 파 전분 시금치 물 생강 식용유 부추 간장
발사믹과 로즈마리로 향을 낸 오븐구이 야채,식초 소금 로즈마리 고구마 후추 당근 비트
종이에 싸서 구운 도미(파필로테),소금 양파 팽이버섯 파 당근 치즈 레몬 피망 후추 버터 허브 마늘 도미 대파
무염 겉절이,식초 배추 양파 사과 마늘 대파 고춧가루
닭가슴살호두크로켓,식초 설탕 레몬 닭 생강 계란 빵가루 순무 호두 두유 두부 땅콩 양파 대파 후추 버터 마늘 파슬리
누룽지상추샐러드&유자드레싱,식초 후추 파프리카 누룽지 식용유 상추
견과류 미숫가루 빵,이스트 우유 소금 건포도 버터 달걀 미숫가루 아몬드
돼지 함초 덮밥,레몬 생강 밥 고추 식용유 다시마 등심 참기름 꽈리고추 쪽파 양파 고추냉이 김 쪽 돼지고기 마늘 멸치
닭가슴살 채소쌈,쪽 카레 양파 대파 토마토 닭 마늘 쌀 청양고추 플레인요거트
호두 사과 샐러드,호두 식초 소금 마요네즈 사과 건포도
고구마란,계피 대추 고구마
과일 파이,오렌지 설탕 전분 물 사과 버터 식빵
수삼당근정과,당근 물 계피 수삼
식혜 팥빙수,소금 물 식혜 쑥 팥
야채칩,소금 고구마 당근 연근 감자
잡곡강정,설탕 물엿 물 콩 쌀 튀밥
잣 호두 강정,호두 통깨 시럽 설탕 물엿 잣 대추
현미 크레이프,소금 팥소 설탕 당근 물 참기름 팥 현미
감자 주먹밥,소금 시금치 당근 참기름 감자 밥 깨 노른자
고기완두조림,소금 돼지고기 설탕 전분 물 식용유
니고랭,식초 새우 양파 스파게티면 방울토마토 물 닭 고추 버터 청경채 식용유 달걀 마늘 간장
돼지갈비 볶음,통깨 소금 식초 설탕 토마토 물 생강 참기름 돼지갈비 마늘 대파 간장
미니 그라탕,소금 설탕 물엿 사과 건포도 두유 참마 밀가루 아몬드
밀라노 스타일 포크 커틀렛,소금 파 후추 치즈 레몬 등심 버터 돼지 달걀 빵가루 식용유 밀가루
바지락 볶음면,전분 설탕 생강 고추 식용유 파 물 참기름 깨소금 간장 새우 소금 양파 대파 바지락 마늘 멸치
삼색 꽃 화전,시금치 설탕
알록달록연근튀김,카레 소금 새우 시금치 전분 연근 식용유 튀김 비트
잎채소튀김,배추 콩기름 튀김 계란 깻잎 얼음 상추
포항초사과샐러드,식초 양파 설탕 당근 사과 파프리카 간장
생선 파피요트,소금 양파 방울토마토 레몬 파프리카 대하 월계수
시금치 후무스,우유 시금치 천일염 대파
매생이조랭이떡국,떡 소금 파 굴 물 마늘 멸치 간장
문어핫바,문어 양파 케첩 당근 토마토 머스터드 감자 마늘 밀가루
매실장아찌와 과매기구이,통깨 양파 파 물 생강 과메기 마늘 고추장 고춧가루 간장
자색고구마호떡,찹쌀 호두 소금 고구마 물 계피 땅콩
김치밥그라탕,간장 양파 방울토마토 표고버섯 밥 배추김치 실파
누룽지굴죽,다시마 물 참기름 누룽지 파래 부추 김 간장
콩비지완자탕,다시마 돼지고기 파 후추 깍두기 물 계란 청경채 마늘 새우젓 대파 멸치 간장
돼지갈비구이와 백김치와인조림,백김치 소금 갈비 적포도주 후추 김치 물 생강 돼지 된장 대파
오징어오곡밥순대,취나물 오징어 후추 설탕 참기름 된장 마늘 청양고추 오곡밥 간장
코다리 양념구이,간 양파 설탕 콩기름 고추 누룽지 실파 마늘 간장
대구버섯구이,소금 마요네즈 후추 마늘 대구
잔멸치땅콩볶음,두반장 물엿 콩기름 참기름 고추 마늘 멸치 땅콩
밥 샌드위치,소금 치즈 마요네즈 오이 밥 맛살
버섯을 넣은 가지 라자냐,우유 느타리 돼지고기 가지 파 치즈 표고버섯 버터 빵가루 밀가루
생선찜 채소말이,생선 소금 피망 치즈 전분 설탕 물 죽순 잣 참기름 간장
쇠고기말이 쌈밥,소금 전분 당근 청주 오이 밥 참기름 깻잎 식용유 쇠고기 피클 깨소금 간장
스테이크 샐러드,식초 소금 방울토마토 등심 쇠고기
씨앗죽,소금 물 쌀 땅콩 참깨 아몬드
오븐에 구운 또띠아 칩과 아보카도 딥,아보카도 소금 토마토 마늘 주스
참치 쇠고기 양상추 쌈,계란 간장 소금 설탕 마요네즈 전분 후추 밥 참치 달걀 쇠고기 상추
치킨 쇠고기 땅콩소스 꼬치,
커리향이 들어간 치킨샐러드 샌드위치,카레 소금 마요네즈 건포도 닭 식빵 아몬드
클럽 샌드위치,소금 치즈 마요네즈 베이컨 토마토 닭 식빵 달걀 햄
토마토 야채 오븐구이,소금 피망 파 고구마 당근 치즈 토마토 감자 호박 돼지 빵가루
시금치비트무침,식초 소금 양파 시금치 드레싱 비트
해초탕수,미역 양파 파 콩기름 물 계란 마늘 김 파래
호두떡볶이,
죽순콩나물밥,녹차 파 설탕 물 죽순 콩나물 고추 참기름 쌀 마늘 깨소금 청양고추 고춧가루 간장
멍게비빔밥,간 통깨 양파 설탕 참기름 쌀밥 고추장 부추 김
키조개샤브샤브,식초 다시마 팽이버섯 당근 물 사과 표고버섯 참나물 키조개 대파 간장 느타리버섯
가자미쑥국,가자미 물 들깨 된장 대파
달래바싹불고기,양파 설탕 후추 등심 마늘 쇠고기 간장
오리고기곰피쌈,식초 오미자 설탕 물 고추장 오리고기
바지락수제비볶음,양파 물 콩기름 바지락 참기름 마늘 실파 밀가루 청양고추 간장
민들레무침,소금 양파 파 마늘 깨소금 민들레 고춧가루
취나물들깨무침,소금 참취 파 들기름 들깨 마늘 간장
토마토소박이,통깨 소금 양파 설탕 토마토 까나리 부추 고춧가루
풋마늘오징어김치,통깨 소금 오징어 설탕 물 새우젓 밀가루 고춧가루
절편꽃말이떡,녹두 진달래꽃 호두 소금 설탕 절편 물
가지볶음,통깨 가지 물엿 들기름 생강 고추장
고등어 강정,소금 전분 설탕 물 식용유 청주 토마토 튀김 케첩 물엿 고등어 고추장 땅콩 간장
꽃게볶음,소금 전분 청주 설탕 물 생강 참기름 실파 마늘 꽃게 간장
다시마칩,다시마 오트밀
브로콜리 쇠고기 볶음,소금 브로콜리 전분 당근 물 설탕 식용유 생강 안심 마늘 쇠고기 간장
새우살을 채운 두부 스프(미네스트로네),계란 두부 소금 새우 양파 전분 당근 닭 생강 참기름 돼지 호박 달걀 마늘 간장
시저 샐러드,소금 후추 물 식빵 달걀 빵가루 도미 마늘 밀가루 파슬리 상추
연두부 무순 냉국,통깨 소금 식초 다시마 간장 설탕 냉국 고추 대파 쑥갓
차가운 당근 수프,오렌지 야채 소금 당근 생강 버터 마늘 주스
태국식 불고기 샐러드,카레 샐러드 로즈마리 가지 양파 민트 토마토 오일 고추 마늘 쇠고기 불고기 고춧가루
팽이버섯 야채볶음,소금 팽이버섯 전분 물 참기름 청경채 식용유
딸기연두부쉐이크,딸기 바나나
봄주먹밥,양파 당근 물 참기름 밥 고추 된장 깻잎 마늘 꼬막 미나리 고춧가루 참깨
구운 주먹밥,식초 설탕 참기름 밥 달걀 현미 참깨
깻잎장아찌롤,양파 장아찌 마요네즈 설탕 물 머스터드 참기름 밥 허브 깻잎 드레싱 달걀 새싹 피클 김 참깨
롤 삼계탕,파 닭 은행 쌀 마늘 대추
효종갱(曉鍾羹),간장 배추 갈비 양파 물 마늘 양지 쇠고기 느타리버섯
갯벌의 여왕 모시조개의 달콤한 유혹,쪽 양파 치즈 후추 바지락 고추 마늘
고구마 타락죽,양파 고구마 물 식용유 현미 느타리버섯
두부 채소 볶음밥,통깨 소금 피망 당근 표고버섯 오이 밥 고추 참기름 감자 두부 간장
건강 마늘 꿀환,마늘 잣
과일 샐러드 또띠아,오렌지 요구르트 사과 키위 플레인요거트
수박 화채,설탕 수박 물 팥
우유 생강차,우유 계피 생강 깨소금
레몬 들깨 소스를 품은 떡꼬치,꼬치 떡 물 레몬 두유 잣 참기름 들깨 식용유
누룽지 요거트 파르페,오렌지 공기밥 사과 밥 누룽지 블루베리
자색고구마 호떡,찹쌀 호두 소금 고구마 물 계피 현미 땅콩
청국장지짐 케일쌈밥,돼지고기 양파 사과 청국장 밥 멸치 케일
마늘 불고기 덮밥,소고기 양파 당근 배 쌀 마늘 불고기 대파
잡곡강정밥,찹쌀 호두 소금 잡곡 밤 은행 간장 대추
함박스테이크 볼 밥,소고기 돼지고기 양파 파 배 사과 청주 파프리카 참기름 마늘 고추장 간장 가래떡
곤드레 밥버거,찹쌀 식초 마요네즈 사과 된장 빵가루 호두 파프리카 참기름 밀가루 간장 소금 들기름 감자 김 나물 바나나 깻잎
대추닭살리조또,우유 소금 피망 양파 치즈 당근 표고버섯 쌀 닭고기 마늘 대추
먹골배 카레주먹밥,카레 양파 가지 마요네즈 쌀 참치
신호등 통통이(어린이 곤약삼색주먹밥),소고기 소금 시금치 당근 참기름 쌀 달걀 대파 멸치 간장
양배추롤&참치두부쌈장,두부 양파 파 물 매실 참기름 밥 참치 된장 마늘 양배추 고추장
라비올리 크림소스,새우 양파 치즈 파 시금치 물 버터 라비올리 게살 마늘 식용유 달걀 크림
라비올리 토마토소스,우유 로즈마리 양파 치즈 설탕 당근 파 물 토마토 차 셀러리 달걀 마늘
미역 조랭이 떡국,떡 미역 들기름 물 들깨 마늘 우엉 간장
버섯 리조또,소금 파 치즈 닭 버터 쌀 마늘 파슬리
서리태 잣국수,소금 토마토 물 서리 잣 오이 밀가루 체리
쌈밥,식초 설탕 고추 밥 초고추장 사이다 양배추 쇠고기 다시마 물 참기름 미나리 간장 케일 오징어 깻잎 고추장
영양밥,찹쌀 당근 표고버섯 고추 다시마 은행 밤 참기름 겨자 깨소금 간장 쌀 현미 대추
팥죽,찹쌀 설탕 물 팥
호박만두,통깨 소금 시금치 식초 물 표고버섯 참기름 고추 식용유 밀가루 간장
감자 팬케익,식초 설탕 사과 레몬 식용유 체리 청포도 계란 물 베이킹파우더 밀가루 과일 감자 달걀 계피 마늘
단호박 두부 포타주,두부 다시마 소금
쇠고기와 검은콩 요리,피망 셀러리 양파 베이컨 물 토마토 닭 서리 마늘 현미 쇠고기 월계수
채소 커리를 곁들인 팬케익,
양송이버섯 달걀 크레페,로즈마리 양파 치즈 설탕 감자 달걀 마늘 식용유 파슬리
파인애플떡갈비,소고기 양파 파 전분 설탕 표고버섯 참기름 파인애플 마늘
건강가지말이+참깨마요소스,가지 마요네즈 당근 배 사과 파프리카 청양고추 참깨
순창 고추장 두부강정,맥주 소고기 소금 양파 전분 당근 케첩 생강 튀김 마늘 두부 고추장 간장
곤약 백김치 말이,백김치 오징어 청주 파프리카 부추 월계수
묵은지비프롤,소고기 소금 팽이버섯 전분 파프리카 참나물 달걀 불고기
바나나를 감싼 일본식 달걀말이,소금 바나나 전분 달걀
그린커리,레몬그라스 가지 당근 레몬 닭고기 마늘 카레가루 우유 코코넛
현미 고구마 아란치니,소금 양파 고구마 당근 달걀 빵가루 식용유 밀가루 파슬리
유자 치킨 꿔바로우,녹말 식초 소금 전분 물 생강 닭고기 식용유
펌킨크로켓,소금 양파 치즈 당근 참나물 달걀 빵가루 식용유
이태리튀밥,소금 옥수수 치즈 파 방울토마토 버터 쌀 달걀 빵가루
현미 입은 미트볼,쪽파 소금 소고기 돼지고기 양파 대추 배 생강 참기름 밀가루 마늘 현미 튀밥 간장 참깨
시금치 볶음 쌀국수,식초 소금 새우 시금치 전분 고추기름 청주 쌀국수 달걀 마늘 메추리알 땅콩
새우채소꼬치구이,새우 후추 방울토마토 대파 양배추
영유아를 위한 고소한 닭꼬치,우유 소금 닭고기 참깨 아몬드
얌얌 맛있게타,소금 치즈 방울토마토 표고버섯 마늘 바게트
오! 푸룻한 뿌리채소,오렌지 식초 호두 연근 머스터드 얼음 우엉 땅콩
채소 팬케익,셀러리 당근 머스터드 돼지 호박 달걀 식용유 베이킹파우더
누룽지과자,계란 호두 건포도 밥 달걀 식용유 밀가루 딸기 땅콩
단호박 경단,소금 물 건포도 카스텔라 잣
모듬탕수,식초 설탕 연근 표고버섯 파프리카 감자 식용유 간장
새싹 비빔밥,설탕 사과 밥 쇠고기 고기 물 참기름 깨소금 새싹 마늘 쑥갓 고추장
가지볶음,통깨 가지 물엿 들기름 생강 고추장
감자냉채,식초 소금 설탕 물 오이 감자 파인애플 겨자 주스
고추잡채,고기 돼지고기 소금 통조림 피망 표고버섯 죽순 참기름 고추 식용유 달걀 정종
나박김치,소금 당근 물 생강 고추 실파 마늘 수삼 미나리 고춧가루
냉잡채,식초 설탕 배 표고버섯 양배추 팽이버섯 오이 파프리카 겨자 간장 상추 소금 들기름 피망 깻잎 당면
단호박 두부찜,간장 소금 설탕 청주 물 마늘 식용유 두부
단호박전,밀가루 물 소금 식용유
도라지 검은깨 튀김,식초 간장 설탕 물 도라지 튀김 식용유 고추냉이
발사믹으로 양념한 채소요리,식초 소금 가지 양파 로즈마리 당근 돼지 호박
버섯 굴소스 볶음,팽이버섯 물 표고버섯 참기름 마늘 식용유 실파 부추 간장 느타리버섯
비트와 호두 요리,호두 식초 설탕 후추 캐러멜 식용유 비트 파슬리
상추 겉절이,통깨 식초 양파 물 상추 매실 고추 부추 고춧가루 간장
연근고구마샌드위치,식초 소금 고구마 연근 튀김 달걀 식용유
파프리카깍두기(어린이용),사과 천일염 파프리카 마늘 실파 현미 멸치
과일 김치,소금 배 사과 토마토 참기름 복숭아 마늘 고춧가루
오이 짱아지 무침,양파 파 오이 참기름 마늘 고춧가루
비트 배추피클,식초 배추 설탕 당근 물 사과 비트 월계수
오징어와사비마요무침,마요네즈
삼색 버터롤,호두 이스트 소금 탈지분유 물 홍시 버터 달걀 곶감 블루베리 대추
고구마빵&과일잼,우유 호두 고구마 아몬드 달걀
감말랭이 찰빵,소금 고구마 식용유 밀가루 딸기
바나나 속 달걀빵,소금 바나나 물 베이킹파우더 버터 달걀
두부빼빼로,호두 소금 포도 물 계피 밀가루 식빵 식용유 두부
땅콩호박 타르트,호두 소금 전분 사과 버터 호박 달걀 땅콩 아몬드
고구마 바나나 무스,젤라틴 우유 바닐라 바나나 고구마 달걀 크림 딸기
단호박치즈스틱,새우 양파 옥수수 치즈 파프리카 식용유
크랜베리 샤브레 쿠키,버터 베이킹파우더 아몬드
생과일 타르트,체리 키위 버터 달걀 초콜릿 블루베리 아몬드
당 떨어진 마들렌,소금 녹차 베이킹파우더 버터 달걀 대추
삼색 머핀,호두 소금 시금치 당근 물 사과 베이킹파우더 버터 달걀
수삼 냉채,식초 소금 배 오이 수삼 대추
아시아식 채소 두부 볶음,녹말 해선장 물 밤 참기름 마늘 식용유 청경채 두부 땅콩 간장
양배추 깻잎 피클,식초 소금 설탕 물 깻잎 고추 양배추 피클
얼갈이 무침,배추 물 사과 참기름 고추 된장 마늘 두부
오이초절임,두반장 식초 소금 설탕 고추기름 물 양조 생강 오이 고추
잡채,식초 설탕 당근 표고버섯 식용유 부추 물 등심 참기름 깨소금 간장 양파 도라지 달걀 대파 느타리버섯 마늘 당면
참기름 드레싱의 즉석 샐러드,호두 식초 간장 통깨 설탕 당근 방울토마토 오이 참기름 마늘 쑥갓 고춧가루 상추 아몬드
고추 장떡,고추 깻잎 식용유 밀가루
호박 프리타타,로즈마리 치즈 파 토마토 돼지 호박 마늘 달걀 실파 식용유
고구마 빠스,설탕 물 식용유 고구마
검은콩 스프,토마토 콩 두유 닭 마늘 식용유 베이킹파우더 파슬리
곤약 콩조림,
도토리묵 콩국,간장 소금 설탕 물 청주 서리 파프리카 마늘
두부 달걀전,카레 식초 간장 설탕 밀가루 고추 식용유 두부
두부선과 저나트륨 겨자 간장소스,식초 간장 설탕 물 표고버섯 참기름 겨자 두부 쇠고기
두부 튀김 조림,피망 물엿 파프리카 참기름 식용유 두부 고추장 간장
바나나 스틱,소금 바나나 베이킹파우더 버터 달걀 땅콩 아몬드
달코미 고구마 타르트,딸기 우유 식용유 고구마
콩가루 고구마 타르트,우유 소금 고구마 콩가루 버터 달걀
코마레티,설탕 아몬드 달걀 코코넛
수(Sugaer)다(Down) 고구마 케이크,고구마 밤 키위 파인애플 블루베리
단구마 무스 샌드 케이크,우유 고구마 설탕 버터 달걀
당근&그릭요거트 케이크,바닐라 소금 설탕 베이킹파우더 버터 달걀
완두콩 롤,찹쌀 식빵
단호박두부팬케이크,우유 밀가루 식용유 타가토스 두부
약밥 닮은 호떡,호두 고구마 물 잣 밤 계피 식용유 곶감 대추
두부티라미수,호두 치즈 고구마 두유 버터 두부 아몬드
두부있슈,호두 소금 물 버터 달걀 딸기
바나나 생강 크림이 들어간 미숫가루 쿠키슈,소금 바나나 설탕 물 생강 버터 달걀 코코넛 미숫가루 우유
단호박몽블랑,젤라틴 녹차 치즈 설탕 달걀 아몬드
렌틸콩 크레이프,우유 설탕 키위 버터 달걀 크림 귤 블루베리
콩 판나코타,설탕 젤라틴
고구마치즈크로켓,새우 양파 치즈 파프리카 버터 달걀 빵가루 식용유 밀가루
빵 대신 어묵 사라다,양파 마요네즈 당근 물 밀가루 어묵 달걀 빵가루 식용유 양배추 아몬드
청국장 시래기전,새우 대두 고추 달걀 식용유 도토리 밀가루
카레소스를 얹은 두부 스테이크,카레 가지 양송이버섯 물 사과 파프리카 감자 식용유 두부
녹차 파나코타,젤라틴 우유 바닐라 민트 통조림 녹차 설탕 물 팥
자색고구마찹쌀푸딩,소금 우유 고구마
꽃설기,우유 앙금 설탕 시금치 대추
크랜베리 소보로 떡,건포도
오미자 샹그리아,오렌지 오미자 배 사과 딸기
톡톡! 오미자 펀치,오미자 배 잣 얼음 생수
사과비트에이드,탄산수 사과 비트
밤 라떼,우유 두유 밤 아몬드
자두 라떼,우유 자두 물
와인배숙,배 사과 계피
유자애(愛) 빠지다,소금 배 물 밤 유자 석류 대추
쌀콩죽 요거트,우유 배 고구마
상큼하자두,오렌지 자두 민트 얼음 탄산수
비트두유,두유 비트 타가토스
렌틸콩 두유,젤라틴 우유 설탕 레몬 딸기
군고구마 라떼,우유 고구마
바지락 미역국,새우 미역 바지락 참기름 고추 마늘 대파 간장
단호박견과류샐러드,호두 우유 고구마 당근 아몬드
함박스테이크&토마토카레소스,카레 소고기 양파 당근 토마토 감자 마늘 빵가루
모둠채소 수제피클,식초 설탕 물 파프리카 오이 피클
바지락 맑은국,다시마 팽이버섯 바지락 고추 대파 쑥갓 청양고추
일본식 계란말이,설탕 다시마 미림 계란
"소고기 가라아게, 칠리소스",식초 소고기 설탕 전분 토마토 마늘 대파 밀가루 고춧가루
"삼치튀김, 타르타르소스",양파 마요네즈 후추 물 삼치 계란 튀김 고추 식용유 청양고추
두부해물완자,새우 오징어 파 양파 계란 마늘 두부 간장
톳나물 두부무침,천일염 참기름 마늘 두부 참깨
퀴노아 팥수프,우유 양파 설탕 버터 팥 밀가루 나물
참치 두부 함박스테이크,피망 양파 후추 당근 토마토 밀가루 참치 두부
김치양배추볶음,양파 보리새우 들기름 배추김치 마늘 대파 양배추 간장
"돈수육, 해물냉채",식초 설탕 당근 생강 된장 삼겹살 파프리카 오이 겨자 주꾸미 새우 양파 대파 돼지고기 오징어 마늘
"알록달록화전, 멸치두부전",시금치 비트 쑥갓 두부
단호박떡볶이,우유 떡 브로콜리 떡볶이떡
배·라임 모히또,사과 민트 배 탄산수
포도청 보리 수단,녹차 포도 설탕 전분 티백 보리
감자주스,감자 설탕 우유
만가닥버섯볶음,소금 피망 후추 버섯 파프리카 게살 간장
양파홍초절임,양파 설탕 고추 청양고추 간장
고구마순나물,식초 양파 고구마 설탕 참기름 된장 마늘 두부
저염 겉절이,쪽파 배추 양파 설탕 젓갈 생강 마늘 고춧가루 참깨
아욱 된장무침,소금 아욱 참기름 된장 마늘 간장 참깨
검은콩부추전,양파 당근 콩기름 서리 고추 달걀 밀가루 부추 간장
고사리파전&단감전,쪽파 고사리 대추 물 계란 고추 단감 밀가루
바지락매생이전,튀김 바지락 고추
알콩달콩전,소금 물 콩 파프리카 밀가루 식용유 두부
계란만두&토마토소스,가지 양파 후추 토마토 계란 월계수 마늘 식용유 파슬리 부추 당면
통도라지양념구이,통깨 소금 간장 배 참기름 마늘 고추장 골파
삼색계란찜,우유 사과 소금 다시마 민트 시금치 계란 비트
고구마순들깨나물,다시마 소금 고구마 참기름 들깨
시금치토마토무침,시금치 방울토마토 참기름 마늘 참깨
바나나미숫가루쉐이크,우유 바나나 미숫가루
배쨈 식빵,이스트 우유 소금 전분 배 물 달걀
사과 견과류 식빵,이스트 우유 소금 사과 드라이아이스 버터 달걀
카카오 깜빠뉴,우유 이스트 소금 코코아 카카오 호두 물 건포도 버터 드라이아이스
곶감 베이글,이스트 소금 물 사과 레몬 드라이아이스 곶감 밀가루
단호박크림을 곁들인 브로콜리 베이글,소금 브로콜리 물 블루베리
어묵 잡채,소금 돼지고기 파프리카 고추 콩나물 참기름 어묵
토마토 비빔국수,양파 토마토 쌀국수 고추장 고춧가루
멸치 전복 저염국수,식초 당근 표고버섯 식용유 전복 지단 계란 다시마 파 소면 참기름 고춧가루 간장 양파 쌀 달걀 대파 노른자 마늘 멸치 황태
유부초절임,유부 식초 다시마 설탕 당근 사과 오이 양배추
토마토 미소 된장국,다시마 양파 된장 토마토 표고버섯 고추 대파 두부 멸치
미역 미소국,된장 물
포두부채소잡채,피망 양파 파 설탕 두유 생강 식용유 마늘 두부 느타리버섯
속이 든든든한 밥 빵,이스트 소금 옥수수 물 오일 밥 코코넛
참외지 리코타버무리,소금 참외 치즈 설탕 아몬드
과일 피클 젤리,젤라틴 식초 소금 바나나 설탕 방울토마토 사과 피클 청포도
바나나 쑥두부푸딩,우유 바나나 강낭콩 아몬드 베이킹파우더 두부
채소말이와 고구마가지구이,당근 식용유 양배추 지단 우유 가지 고구마 치즈 파프리카 청경채 쌀 달걀 김 깻잎 버터 마늘 파슬리
들깨 곤약 냉채,식초 소금 양파 당근 어린잎채소 닭 파프리카 오이 간장
요거트 단호박 샐러드,호두 표고버섯 건포도 감자 쌀 산딸기 나물 아몬드
타이거새우 현미볶음밥,쪽파 새우 양파 브로콜리 공기밥 레몬 파프리카 버터 마늘 청양고추
카레크림 두부면 파스타,쪽 강황 식초 양파 두유 콜리플라워 마늘 파슬리
홍합 배춧국,홍합 소금 배추 파 고추 마늘
얼큰 콩나물 수제비,소금 콩나물 밀가루 고추장 고춧가루 황태
"단호박 생선탕수, 키위소스",동태 식초 양파 전분 당근 계란 오이 튀김
낙지모듬초말이,식초 가지 설탕 당근 물 사과 표고버섯 오이 고추 낙지 미나리 고춧가루 간장
삼각김밥 빵,당근 닭 고추 월계수 치즈 물 고춧가루 소금 양파 먹물 토마토 쌀 달걀 피망 후추 마늘
병아리콩 컵케이크,우유 바나나 물 식용유 초콜릿 아몬드
양파토마토스튜,쪽 다시마 양파 토마토 마늘 멸치 월계수
황금팽이 비빔국수,식초 천도복숭아 물 오이 참기름 고춧가루 상추 간장 참깨 새우 양파 복숭아 게살 현미 깻잎 마늘
맛살 미역줄기전,아보카도 새우 양파 미역 튀김 맛살 탄산수
해산물샐러드와 미나리소스,쪽 새우 오징어 방울토마토 깻잎 마늘 미나리 아몬드
매운요거트 토마토샐러드,새우 양파 브로콜리 고추기름 토마토 플레인요거트 파프리카 감자 마늘 고추장
